	sector	community_name	group_category	category	count	resident_count	date	year
0	NORTH	THORNCLIFFE	Crime	Theft FROM Vehicle	9	8474	2018-03-01T12:00:00.000	2018
1	SOUTH	WOODBINE	Crime	Theft FROM Vehicle	3	8866	2019-11-01T00:00:00.000	2019
2	SOUTH	WILLOW PARK	Crime	Theft FROM Vehicle	4	5328	2019-11-01T00:00:00.000	2019
3	SOUTH	WILLOW PARK	Crime	Commercial Robbery	1	5328	2019-11-01T00:00:00.000	2019
4	WEST	LINCOLN PARK	Crime	Commercial Break & Enter	5	2617	2019-11-01T00:00:00.000	2019
5	CENTRE	RAMSAY	Disorder	Social Disorder	11	2158	2019-11-01T00:00:00.000	2019
6	WEST	ASPEN WOODS	Crime	Commercial Break & Enter	1	9446	2019-11-01T00:00:00.000	2019
7	SOUTHEAST	SHEPARD INDUSTRIAL	Crime	Theft OF Vehicle	2	255	2019-11-01T00:00:00.000	2019
8	WEST	NORTH GLENMORE PARK	Disorder	Social Disorder	12	2391	2019-11-01T00:00:00.000	2019
9	SOUTH	LAKE BONAVISTA	Crime	Assault (Non-domestic)	1	10293	2019-11-01T00:00:00.000	2019
10	SOUTH	SHAWNESSY	Crime	Commercial Break & Enter	1	9368	2019-11-01T00:00:00.000	2019
11	CENTRE	DOWNTOWN WEST END	Disorder	Social Disorder	25	2785	2019-11-01T00:00:00.000	2019
12	NORTHWEST	BRENTWOOD	Crime	Residential Break & Enter	2	7267	2019-11-01T00:00:00.000	2019
13	NORTHEAST	TEMPLE	Disorder	Physical Disorder	10	10977	2019-11-01T00:00:00.000	2019
14	SOUTH	SUNDANCE	Crime	Violence Other (Non-domestic)	1	9736	2019-11-01T00:00:00.000	2019
15	CENTRE	MISSION	Crime	Commercial Break & Enter	10	4598	2019-11-01T00:00:00.000	2019
16	NORTH	BEDDINGTON HEIGHTS	Crime	Residential Break & Enter	1	11514	2019-11-01T00:00:00.000	2019
17	WEST	GLAMORGAN	Crime	Commercial Break & Enter	4	6522	2019-11-01T00:00:00.000	2019
18	SOUTH	SOUTHWOOD	Crime	Violence Other (Non-domestic)	2	6246	2019-11-01T00:00:00.000	2019
19	CENTRE	DOWNTOWN COMMERCIAL CORE	Crime	Commercial Robbery	1	8683	2019-11-01T00:00:00.000	2019
20	NORTHWEST	VARSITY	Crime	Commercial Break & Enter	7	12874	2019-11-01T00:00:00.000	2019
21	NORTH	PANORAMA HILLS	Crime	Theft OF Vehicle	2	25710	2019-11-01T00:00:00.000	2019
22	NORTHEAST	REDSTONE	Crime	Theft FROM Vehicle	1	5848	2019-11-01T00:00:00.000	2019
23	SOUTHEAST	DOUGLASDALE/GLEN	Disorder	Social Disorder	10	12881	2019-11-01T00:00:00.000	2019
24	SOUTH	KINGSLAND	Crime	Violence Other (Non-domestic)	1	4688	2019-11-01T00:00:00.000	2019
25	SOUTHEAST	SHEPARD INDUSTRIAL	Crime	Assault (Non-domestic)	1	255	2019-11-01T00:00:00.000	2019
26	NORTHWEST	COLLINGWOOD	Disorder	Social Disorder	8	2249	2019-11-01T00:00:00.000	2019
27	CENTRE	RAMSAY	Crime	Theft FROM Vehicle	1	2158	2019-11-01T00:00:00.000	2019
28	CENTRE	GREENVIEW	Disorder	Social Disorder	8	1906	2019-11-01T00:00:00.000	2019
29	CENTRE	SOUTH CALGARY	Disorder	Social Disorder	32	4442	2019-11-01T00:00:00.000	2019
30	NORTHEAST	RUNDLE	Disorder	Social Disorder	84	11688	2019-11-01T00:00:00.000	2019
31	EAST	FOREST LAWN	Crime	Theft OF Vehicle	9	7814	2019-11-01T00:00:00.000	2019
32	NORTHEAST	CITYSCAPE	Crime	Violence Other (Non-domestic)	1	3104	2019-11-01T00:00:00.000	2019
33	CENTRE	ROSEMONT	Crime	Theft OF Vehicle	1	1254	2019-11-01T00:00:00.000	2019
34	WEST	01H	Crime	Theft FROM Vehicle	1	0	2019-11-01T00:00:00.000	2019
35	NORTHEAST	SUNRIDGE	Crime	Theft FROM Vehicle	12	11	2019-11-01T00:00:00.000	2019
36	NORTHWEST	MONTGOMERY	Disorder	Social Disorder	29	4515	2019-11-01T00:00:00.000	2019
37	CENTRE	HIGHFIELD	Crime	Theft FROM Vehicle	2	0	2019-11-01T00:00:00.000	2019
38	SOUTHEAST	MAHOGANY	Crime	Theft OF Vehicle	1	11784	2019-11-01T00:00:00.000	2019
39	CENTRE	BANKVIEW	Crime	Assault (Non-domestic)	2	5256	2019-11-01T00:00:00.000	2019
40	WEST	SPRUCE CLIFF	Crime	Assault (Non-domestic)	1	4673	2019-11-01T00:00:00.000	2019
41	WEST	GLAMORGAN	Crime	Residential Break & Enter	1	6522	2019-11-01T00:00:00.000	2019
42	CENTRE	DOWNTOWN COMMERCIAL CORE	Crime	Theft FROM Vehicle	60	8683	2019-11-01T00:00:00.000	2019
43	NORTH	THORNCLIFFE	Disorder	Social Disorder	46	8788	2019-11-01T00:00:00.000	2019
44	NORTH	EVANSTON	Disorder	Physical Disorder	2	17685	2019-11-01T00:00:00.000	2019
45	NORTHEAST	SADDLE RIDGE	Crime	Commercial Break & Enter	1	22321	2019-11-01T00:00:00.000	2019
46	CENTRE	CAMBRIAN HEIGHTS	Disorder	Physical Disorder	1	2036	2019-11-01T00:00:00.000	2019
47	CENTRE	TUXEDO PARK	Disorder	Physical Disorder	4	5326	2019-11-01T00:00:00.000	2019
48	NORTHWEST	HAMPTONS	Crime	Violence Other (Non-domestic)	1	7382	2019-11-01T00:00:00.000	2019
49	CENTRE	SUNALTA	Disorder	Physical Disorder	4	3239	2019-11-01T00:00:00.000	2019
50	CENTRE	HOUNSFIELD HEIGHTS/BRIAR HILL	Crime	Residential Break & Enter	3	2798	2019-11-01T00:00:00.000	2019
51	CENTRE	MISSION	Crime	Residential Break & Enter	1	4598	2019-11-01T00:00:00.000	2019
52	SOUTHEAST	SECTION 23	Disorder	Physical Disorder	2	0	2019-11-01T00:00:00.000	2019
53	CENTRE	BELTLINE	Crime	Theft OF Vehicle	13	25129	2019-11-01T00:00:00.000	2019
54	SOUTH	MAPLE RIDGE	Disorder	Social Disorder	6	1916	2019-11-01T00:00:00.000	2019
55	SOUTHEAST	MCKENZIE TOWNE	Disorder	Physical Disorder	6	18283	2019-11-01T00:00:00.000	2019
56	SOUTH	CHINOOK PARK	Crime	Commercial Break & Enter	2	1662	2019-11-01T00:00:00.000	2019
57	NORTH	COUNTRY HILLS	Crime	Theft FROM Vehicle	2	3767	2019-11-01T00:00:00.000	2019
58	NORTHEAST	SKYVIEW RANCH	Crime	Theft FROM Vehicle	3	11707	2019-11-01T00:00:00.000	2019
59	CENTRE	SCARBORO	Disorder	Social Disorder	2	931	2019-11-01T00:00:00.000	2019
60	NORTHWEST	DALHOUSIE	Disorder	Physical Disorder	1	8940	2019-11-01T00:00:00.000	2019
61	CENTRE	MEADOWLARK PARK	Disorder	Social Disorder	27	644	2019-11-01T00:00:00.000	2019
62	SOUTH	SOMERSET	Crime	Theft FROM Vehicle	1	8543	2019-11-01T00:00:00.000	2019
63	NORTH	02L	Disorder	Social Disorder	1	0	2019-11-01T00:00:00.000	2019
64	NORTHEAST	PINERIDGE	Crime	Commercial Robbery	2	10022	2019-11-01T00:00:00.000	2019
65	NORTHWEST	TUSCANY	Disorder	Physical Disorder	3	19884	2019-11-01T00:00:00.000	2019
66	EAST	FOOTHILLS	Crime	Theft OF Vehicle	10	317	2019-11-01T00:00:00.000	2019
67	NORTHWEST	BOWNESS	Crime	Assault (Non-domestic)	8	11150	2019-11-01T00:00:00.000	2019
68	NORTHWEST	COLLINGWOOD	Crime	Commercial Break & Enter	4	2249	2019-11-01T00:00:00.000	2019
69	NORTHEAST	STONEY 2	Crime	Theft FROM Vehicle	5	0	2019-11-01T00:00:00.000	2019
70	SOUTHEAST	EAST SHEPARD INDUSTRIAL	Crime	Theft OF Vehicle	6	0	2019-11-01T00:00:00.000	2019
71	WEST	WEST SPRINGS	Crime	Violence Other (Non-domestic)	1	10758	2019-11-01T00:00:00.000	2019
72	NORTHEAST	PINERIDGE	Crime	Theft OF Vehicle	6	10022	2019-11-01T00:00:00.000	2019
73	NORTHEAST	FALCONRIDGE	Crime	Violence Other (Non-domestic)	3	10653	2019-11-01T00:00:00.000	2019
74	CENTRE	LOWER MOUNT ROYAL	Disorder	Physical Disorder	4	3457	2019-11-01T00:00:00.000	2019
75	CENTRE	GREENVIEW INDUSTRIAL PARK	Crime	Commercial Break & Enter	6	225	2019-11-01T00:00:00.000	2019
76	NORTH	KINCORA	Crime	Commercial Break & Enter	1	6889	2019-11-01T00:00:00.000	2019
77	NORTH	COUNTRY HILLS VILLAGE	Crime	Commercial Break & Enter	4	2597	2019-11-01T00:00:00.000	2019
78	CENTRE	MANCHESTER	Disorder	Physical Disorder	4	1025	2019-11-01T00:00:00.000	2019
79	CENTRE	WINSTON HEIGHTS/MOUNTVIEW	Disorder	Physical Disorder	7	3635	2019-11-01T00:00:00.000	2019
80	SOUTH	CEDARBRAE	Crime	Theft OF Vehicle	1	6094	2019-11-01T00:00:00.000	2019
81	CENTRE	INGLEWOOD	Crime	Residential Break & Enter	4	4024	2019-11-01T00:00:00.000	2019
82	WEST	SIGNAL HILL	Crime	Commercial Robbery	1	13395	2019-11-01T00:00:00.000	2019
83	WEST	PATTERSON	Crime	Theft OF Vehicle	2	4202	2019-11-01T00:00:00.000	2019
84	CENTRE	SUNNYSIDE	Crime	Theft OF Vehicle	2	4230	2019-11-01T00:00:00.000	2019
85	SOUTHEAST	12A	Disorder	Social Disorder	2	0	2019-11-01T00:00:00.000	2019
86	NORTHEAST	SOUTH AIRWAYS	Crime	Theft OF Vehicle	2	0	2019-11-01T00:00:00.000	2019
87	NORTHWEST	EDGEMONT	Disorder	Physical Disorder	3	15395	2019-11-01T00:00:00.000	2019
88	CENTRE	EAU CLAIRE	Crime	Theft FROM Vehicle	3	2030	2019-11-01T00:00:00.000	2019
89	EAST	APPLEWOOD PARK	Crime	Street Robbery	1	6981	2019-11-01T00:00:00.000	2019
90	NORTH	STONEY 1	Crime	Theft FROM Vehicle	3	0	2019-11-01T00:00:00.000	2019
91	SOUTH	WOODBINE	Crime	Assault (Non-domestic)	2	8866	2019-11-01T00:00:00.000	2019
92	NORTHWEST	HAWKWOOD	Crime	Residential Break & Enter	2	9248	2019-11-01T00:00:00.000	2019
93	CENTRE	HIGHFIELD	Crime	Assault (Non-domestic)	1	0	2019-11-01T00:00:00.000	2019
94	NORTHWEST	BRENTWOOD	Crime	Violence Other (Non-domestic)	1	7267	2019-11-01T00:00:00.000	2019
95	SOUTH	GLENDEER BUSINESS PARK	Disorder	Social Disorder	3	0	2019-11-01T00:00:00.000	2019
96	SOUTH	SUNDANCE	Crime	Residential Break & Enter	3	9736	2019-11-01T00:00:00.000	2019
97	SOUTHEAST	NEW BRIGHTON	Crime	Street Robbery	1	13103	2019-11-01T00:00:00.000	2019
98	NORTHEAST	MAYLAND HEIGHTS	Crime	Theft OF Vehicle	4	5961	2019-11-01T00:00:00.000	2019
99	NORTHEAST	WESTWINDS	Disorder	Physical Disorder	6	0	2019-11-01T00:00:00.000	2019
100	NORTHEAST	FRANKLIN	Disorder	Physical Disorder	5	0	2019-11-01T00:00:00.000	2019
101	EAST	VALLEYFIELD	Disorder	Physical Disorder	2	0	2019-11-01T00:00:00.000	2019
102	NORTH	NORTH HAVEN	Crime	Commercial Break & Enter	2	2359	2019-11-01T00:00:00.000	2019
103	CENTRE	WEST HILLHURST	Disorder	Social Disorder	18	6447	2019-11-01T00:00:00.000	2019
104	NORTHEAST	MARLBOROUGH	Crime	Theft FROM Vehicle	7	9162	2019-11-01T00:00:00.000	2019
105	NORTHEAST	MERIDIAN	Crime	Theft OF Vehicle	7	0	2019-11-01T00:00:00.000	2019
106	CENTRE	RENFREW	Crime	Residential Break & Enter	3	6582	2019-11-01T00:00:00.000	2019
107	WEST	ROSSCARROCK	Disorder	Social Disorder	32	3625	2019-11-01T00:00:00.000	2019
108	NORTH	SKYLINE WEST	Crime	Violence Other (Non-domestic)	1	0	2019-11-01T00:00:00.000	2019
109	EAST	DOVER	Disorder	Social Disorder	84	10351	2019-11-01T00:00:00.000	2019
110	SOUTH	HAYSBORO	Crime	Commercial Break & Enter	3	7080	2019-11-01T00:00:00.000	2019
111	SOUTH	BRIDLEWOOD	Crime	Residential Break & Enter	2	12641	2019-11-01T00:00:00.000	2019
112	NORTHWEST	UNIVERSITY OF CALGARY	Crime	Commercial Break & Enter	1	2367	2019-11-01T00:00:00.000	2019
113	SOUTHEAST	RIVERBEND	Crime	Theft OF Vehicle	1	9244	2019-11-01T00:00:00.000	2019
114	CENTRE	MANCHESTER INDUSTRIAL	Crime	Residential Break & Enter	1	0	2019-11-01T00:00:00.000	2019
115	SOUTHEAST	OGDEN	Disorder	Physical Disorder	1	8576	2019-11-01T00:00:00.000	2019
116	SOUTH	CANYON MEADOWS	Crime	Commercial Robbery	1	7624	2019-11-01T00:00:00.000	2019
117	EAST	SOUTHVIEW	Disorder	Social Disorder	40	1805	2019-11-01T00:00:00.000	2019
118	CENTRE	ERLTON	Crime	Commercial Break & Enter	1	1270	2019-11-01T00:00:00.000	2019
119	NORTH	THORNCLIFFE	Crime	Commercial Break & Enter	2	8788	2019-11-01T00:00:00.000	2019
120	NORTHWEST	RANCHLANDS	Crime	Theft FROM Vehicle	7	7607	2019-11-01T00:00:00.000	2019
121	CENTRE	CAPITOL HILL	Crime	Theft OF Vehicle	1	4744	2019-11-01T00:00:00.000	2019
122	NORTHWEST	SCENIC ACRES	Crime	Assault (Non-domestic)	1	8067	2019-11-01T00:00:00.000	2019
123	NORTHWEST	VARSITY	Crime	Theft OF Vehicle	5	12874	2019-11-01T00:00:00.000	2019
124	EAST	STARFIELD	Disorder	Physical Disorder	1	0	2019-11-01T00:00:00.000	2019
125	CENTRE	ALTADORE	Crime	Residential Break & Enter	1	6942	2019-11-01T00:00:00.000	2019
126	CENTRE	MOUNT PLEASANT	Crime	Assault (Non-domestic)	1	5889	2019-11-01T00:00:00.000	2019
127	NORTHEAST	MAYLAND HEIGHTS	Crime	Assault (Non-domestic)	1	5961	2019-11-01T00:00:00.000	2019
128	NORTH	PANORAMA HILLS	Crime	Commercial Break & Enter	3	25710	2019-11-01T00:00:00.000	2019
129	SOUTH	EVERGREEN	Disorder	Social Disorder	24	21500	2019-11-01T00:00:00.000	2019
130	SOUTH	ACADIA	Crime	Commercial Break & Enter	4	10520	2019-11-01T00:00:00.000	2019
131	NORTHEAST	SADDLE RIDGE INDUSTRIAL	Disorder	Social Disorder	3	25	2019-11-01T00:00:00.000	2019
132	CENTRE	QUEENS PARK VILLAGE	Disorder	Social Disorder	5	455	2019-11-01T00:00:00.000	2019
133	NORTHWEST	SILVER SPRINGS	Disorder	Physical Disorder	2	8679	2019-11-01T00:00:00.000	2019
134	SOUTHEAST	CRANSTON	Crime	Residential Break & Enter	3	19884	2019-11-01T00:00:00.000	2019
135	WEST	CRESTMONT	Disorder	Social Disorder	6	1690	2019-11-01T00:00:00.000	2019
136	SOUTH	DEER RUN	Crime	Theft FROM Vehicle	1	5065	2019-11-01T00:00:00.000	2019
137	CENTRE	HIGHWOOD	Crime	Theft FROM Vehicle	2	2258	2019-11-01T00:00:00.000	2019
138	NORTHEAST	FALCONRIDGE	Disorder	Social Disorder	79	10653	2019-11-01T00:00:00.000	2019
139	EAST	ALBERT PARK/RADISSON HEIGHTS	Crime	Theft FROM Vehicle	14	6997	2019-11-01T00:00:00.000	2019
140	WEST	WEST SPRINGS	Crime	Residential Break & Enter	1	10758	2019-11-01T00:00:00.000	2019
141	CENTRE	UPPER MOUNT ROYAL	Disorder	Social Disorder	12	2478	2019-11-01T00:00:00.000	2019
142	SOUTH	ACADIA	Disorder	Physical Disorder	4	10520	2019-11-01T00:00:00.000	2019
143	SOUTH	WALDEN	Crime	Theft FROM Vehicle	2	6228	2019-11-01T00:00:00.000	2019
144	WEST	LINCOLN PARK	Crime	Theft FROM Vehicle	3	2617	2019-11-01T00:00:00.000	2019
145	SOUTHEAST	COPPERFIELD	Crime	Violence Other (Non-domestic)	1	13823	2019-11-01T00:00:00.000	2019
146	NORTHWEST	EDGEMONT	Crime	Theft OF Vehicle	1	15395	2019-11-01T00:00:00.000	2019
147	EAST	APPLEWOOD PARK	Crime	Commercial Robbery	1	6981	2019-11-01T00:00:00.000	2019
148	SOUTH	SILVERADO	Disorder	Social Disorder	8	7655	2019-11-01T00:00:00.000	2019
149	NORTHEAST	MCCALL	Crime	Theft OF Vehicle	3	0	2019-11-01T00:00:00.000	2019
150	WEST	WILDWOOD	Disorder	Social Disorder	6	2709	2019-11-01T00:00:00.000	2019
151	SOUTHEAST	12B	Disorder	Social Disorder	3	0	2019-11-01T00:00:00.000	2019
152	CENTRE	HILLHURST	Crime	Residential Break & Enter	2	6558	2019-11-01T00:00:00.000	2019
153	CENTRE	CAPITOL HILL	Crime	Theft FROM Vehicle	8	4744	2019-11-01T00:00:00.000	2019
154	CENTRE	WINDSOR PARK	Disorder	Physical Disorder	2	4584	2019-11-01T00:00:00.000	2019
155	NORTHEAST	MAYLAND	Disorder	Social Disorder	4	0	2019-11-01T00:00:00.000	2019
156	CENTRE	MOUNT PLEASANT	Disorder	Physical Disorder	3	5889	2019-11-01T00:00:00.000	2019
157	SOUTH	EAST FAIRVIEW INDUSTRIAL	Disorder	Social Disorder	14	0	2019-11-01T00:00:00.000	2019
158	EAST	GOLDEN TRIANGLE	Crime	Commercial Break & Enter	2	0	2019-11-01T00:00:00.000	2019
159	CENTRE	BELTLINE	Disorder	Physical Disorder	52	25129	2019-11-01T00:00:00.000	2019
160	WEST	WEST SPRINGS	Disorder	Physical Disorder	3	10758	2019-11-01T00:00:00.000	2019
161	NORTH	HUNTINGTON HILLS	Crime	Commercial Robbery	1	13420	2019-11-01T00:00:00.000	2019
162	NORTH	KINCORA	Crime	Theft OF Vehicle	1	6889	2019-11-01T00:00:00.000	2019
163	SOUTH	PALLISER	Disorder	Social Disorder	5	3672	2019-11-01T00:00:00.000	2019
164	CENTRE	RICHMOND	Crime	Commercial Break & Enter	2	4962	2019-11-01T00:00:00.000	2019
165	NORTHEAST	MARTINDALE	Crime	Residential Break & Enter	3	14245	2019-11-01T00:00:00.000	2019
166	SOUTH	MIDNAPORE	Crime	Theft FROM Vehicle	6	7270	2019-11-01T00:00:00.000	2019
167	NORTH	NOLAN HILL	Crime	Theft FROM Vehicle	6	7505	2019-11-01T00:00:00.000	2019
168	NORTHWEST	BOWNESS	Crime	Theft FROM Vehicle	11	11150	2019-11-01T00:00:00.000	2019
169	EAST	DOVER	Crime	Violence Other (Non-domestic)	1	10351	2019-11-01T00:00:00.000	2019
170	SOUTH	WOODBINE	Disorder	Physical Disorder	1	8866	2019-11-01T00:00:00.000	2019
171	NORTHEAST	WHITEHORN	Crime	Assault (Non-domestic)	4	12019	2019-11-01T00:00:00.000	2019
172	NORTHWEST	ROCKY RIDGE	Disorder	Social Disorder	4	8398	2019-11-01T00:00:00.000	2019
173	CENTRE	DOWNTOWN EAST VILLAGE	Disorder	Physical Disorder	1	3893	2019-11-01T00:00:00.000	2019
174	NORTHEAST	TEMPLE	Crime	Residential Break & Enter	1	10977	2019-11-01T00:00:00.000	2019
175	NORTHEAST	CASTLERIDGE	Crime	Theft FROM Vehicle	6	6127	2019-11-01T00:00:00.000	2019
176	NORTH	SKYLINE WEST	Crime	Commercial Break & Enter	3	0	2019-11-01T00:00:00.000	2019
177	NORTHEAST	STONEGATE LANDING	Disorder	Social Disorder	4	0	2019-11-01T00:00:00.000	2019
178	CENTRE	ROXBORO	Disorder	Social Disorder	5	422	2019-11-01T00:00:00.000	2019
179	SOUTH	HAYSBORO	Crime	Theft FROM Vehicle	8	7080	2019-11-01T00:00:00.000	2019
180	EAST	FOREST LAWN INDUSTRIAL	Disorder	Physical Disorder	5	123	2019-11-01T00:00:00.000	2019
181	CENTRE	BRITANNIA	Disorder	Social Disorder	4	690	2019-11-01T00:00:00.000	2019
182	NORTHWEST	NOSE HILL PARK	Disorder	Social Disorder	2	0	2019-11-01T00:00:00.000	2019
183	EAST	RED CARPET	Disorder	Social Disorder	10	1594	2019-11-01T00:00:00.000	2019
184	CENTRE	HIGHLAND PARK	Crime	Residential Break & Enter	3	3838	2019-11-01T00:00:00.000	2019
185	WEST	LAKEVIEW	Crime	Theft OF Vehicle	1	5355	2019-11-01T00:00:00.000	2019
186	CENTRE	PARKHILL	Disorder	Physical Disorder	1	1691	2019-11-01T00:00:00.000	2019
187	SOUTHEAST	SOUTH FOOTHILLS	Crime	Commercial Break & Enter	7	0	2019-11-01T00:00:00.000	2019
188	NORTH	CARRINGTON	Disorder	Social Disorder	3	572	2019-11-01T00:00:00.000	2019
189	NORTHEAST	ABBEYDALE	Disorder	Social Disorder	31	5957	2019-11-01T00:00:00.000	2019
190	NORTHEAST	STONEY 3	Crime	Theft FROM Vehicle	1	0	2019-11-01T00:00:00.000	2019
191	NORTHEAST	VISTA HEIGHTS	Disorder	Social Disorder	18	2370	2019-11-01T00:00:00.000	2019
192	SOUTH	WOODLANDS	Crime	Theft OF Vehicle	2	6002	2019-11-01T00:00:00.000	2019
193	SOUTH	FAIRVIEW INDUSTRIAL	Disorder	Physical Disorder	2	0	2019-11-01T00:00:00.000	2019
194	EAST	PENBROOKE MEADOWS	Crime	Theft OF Vehicle	7	8554	2019-11-01T00:00:00.000	2019
195	CENTRE	ALTADORE	Crime	Violence Other (Non-domestic)	2	6942	2019-11-01T00:00:00.000	2019
196	WEST	RUTLAND PARK	Crime	Theft OF Vehicle	1	2263	2019-11-01T00:00:00.000	2019
197	CENTRE	BANKVIEW	Crime	Theft FROM Vehicle	12	5256	2019-11-01T00:00:00.000	2019
198	SOUTH	KELVIN GROVE	Crime	Theft FROM Vehicle	4	2305	2019-11-01T00:00:00.000	2019
199	CENTRE	SHAGANAPPI	Crime	Assault (Non-domestic)	1	1626	2019-11-01T00:00:00.000	2019
200	NORTH	COVENTRY HILLS	Crime	Theft FROM Vehicle	3	17667	2019-11-01T00:00:00.000	2019
201	NORTHEAST	MONTEREY PARK	Crime	Theft FROM Vehicle	1	10372	2019-11-01T00:00:00.000	2019
202	CENTRE	POINT MCKAY	Disorder	Social Disorder	4	1343	2019-11-01T00:00:00.000	2019
203	SOUTH	EVERGREEN	Crime	Residential Break & Enter	6	21500	2019-11-01T00:00:00.000	2019
204	WEST	SPRUCE CLIFF	Disorder	Social Disorder	16	4673	2019-11-01T00:00:00.000	2019
205	NORTHEAST	DEERFOOT BUSINESS CENTRE	Crime	Theft OF Vehicle	2	0	2019-11-01T00:00:00.000	2019
206	SOUTH	BRIDLEWOOD	Disorder	Physical Disorder	1	12641	2019-11-01T00:00:00.000	2019
207	NORTHWEST	CITADEL	Disorder	Social Disorder	19	10077	2019-11-01T00:00:00.000	2019
208	SOUTHEAST	CRANSTON	Disorder	Social Disorder	26	19884	2019-11-01T00:00:00.000	2019
209	EAST	FOOTHILLS	Crime	Theft FROM Vehicle	6	317	2019-11-01T00:00:00.000	2019
210	EAST	APPLEWOOD PARK	Crime	Theft FROM Vehicle	3	6981	2019-11-01T00:00:00.000	2019
211	SOUTH	DEER RIDGE	Disorder	Physical Disorder	2	3973	2019-11-01T00:00:00.000	2019
212	NORTH	AURORA BUSINESS PARK	Disorder	Social Disorder	4	0	2019-11-01T00:00:00.000	2019
213	SOUTH	SOUTHWOOD	Disorder	Physical Disorder	5	6246	2019-11-01T00:00:00.000	2019
214	NORTHEAST	CORAL SPRINGS	Crime	Theft OF Vehicle	1	5801	2019-11-01T00:00:00.000	2019
215	EAST	VALLEYFIELD	Crime	Commercial Break & Enter	1	0	2019-11-01T00:00:00.000	2019
216	SOUTH	ACADIA	Crime	Theft OF Vehicle	9	10520	2019-11-01T00:00:00.000	2019
217	CENTRE	CHINATOWN	Crime	Violence Other (Non-domestic)	1	2471	2019-11-01T00:00:00.000	2019
218	NORTHEAST	FRANKLIN	Crime	Theft FROM Vehicle	6	0	2019-11-01T00:00:00.000	2019
219	CENTRE	RIDEAU PARK	Crime	Residential Break & Enter	1	594	2019-11-01T00:00:00.000	2019
220	WEST	GLENBROOK	Crime	Theft OF Vehicle	1	7442	2019-11-01T00:00:00.000	2019
221	NORTHEAST	CALGARY INTERNATIONAL AIRPORT	Disorder	Physical Disorder	2	0	2019-11-01T00:00:00.000	2019
222	CENTRE	WINDSOR PARK	Crime	Theft OF Vehicle	3	4584	2019-11-01T00:00:00.000	2019
223	SOUTH	MILLRISE	Disorder	Social Disorder	12	6900	2019-11-01T00:00:00.000	2019
224	CENTRE	MOUNT PLEASANT	Crime	Theft OF Vehicle	2	5889	2019-11-01T00:00:00.000	2019
225	SOUTH	CANYON MEADOWS	Crime	Theft FROM Vehicle	6	7624	2019-11-01T00:00:00.000	2019
226	NORTH	HUNTINGTON HILLS	Crime	Theft FROM Vehicle	8	13420	2019-11-01T00:00:00.000	2019
227	SOUTH	FISH CREEK PARK	Crime	Theft FROM Vehicle	2	0	2019-11-01T00:00:00.000	2019
228	WEST	SIGNAL HILL	Crime	Commercial Break & Enter	4	13395	2019-11-01T00:00:00.000	2019
229	WEST	SPRINGBANK HILL	Disorder	Social Disorder	12	9943	2019-11-01T00:00:00.000	2019
230	SOUTH	DEER RUN	Crime	Violence Other (Non-domestic)	1	5065	2019-11-01T00:00:00.000	2019
231	SOUTHEAST	EAST SHEPARD INDUSTRIAL	Disorder	Physical Disorder	1	0	2019-11-01T00:00:00.000	2019
232	SOUTH	KINGSLAND	Disorder	Physical Disorder	5	4688	2019-11-01T00:00:00.000	2019
233	NORTHWEST	CHARLESWOOD	Crime	Theft FROM Vehicle	1	3569	2019-11-01T00:00:00.000	2019
234	WEST	LINCOLN PARK	Disorder	Physical Disorder	3	2617	2019-11-01T00:00:00.000	2019
235	SOUTHEAST	COPPERFIELD	Crime	Commercial Robbery	1	13823	2019-11-01T00:00:00.000	2019
236	WEST	GLAMORGAN	Crime	Violence Other (Non-domestic)	1	6522	2019-11-01T00:00:00.000	2019
237	NORTH	STONEY 1	Disorder	Social Disorder	1	0	2019-11-01T00:00:00.000	2019
238	SOUTHEAST	OGDEN	Crime	Theft OF Vehicle	3	8576	2019-11-01T00:00:00.000	2019
239	CENTRE	BEL-AIRE	Crime	Theft OF Vehicle	1	390	2019-11-01T00:00:00.000	2019
240	CENTRE	CLIFF BUNGALOW	Crime	Residential Break & Enter	1	1895	2019-11-01T00:00:00.000	2019
241	NORTHWEST	BOWNESS	Crime	Commercial Break & Enter	2	11150	2019-11-01T00:00:00.000	2019
242	CENTRE	GREENVIEW INDUSTRIAL PARK	Crime	Theft FROM Vehicle	2	225	2019-11-01T00:00:00.000	2019
243	WEST	STRATHCONA PARK	Disorder	Physical Disorder	1	6855	2019-11-01T00:00:00.000	2019
244	CENTRE	ROSEDALE	Disorder	Social Disorder	7	1560	2019-11-01T00:00:00.000	2019
245	SOUTH	SHAWNEE SLOPES	Crime	Residential Break & Enter	1	1911	2019-11-01T00:00:00.000	2019
246	CENTRE	DOWNTOWN COMMERCIAL CORE	Disorder	Physical Disorder	39	8683	2019-11-01T00:00:00.000	2019
247	CENTRE	HILLHURST	Crime	Violence Other (Non-domestic)	2	6558	2019-11-01T00:00:00.000	2019
248	NORTHEAST	NORTH AIRWAYS	Disorder	Social Disorder	9	0	2019-11-01T00:00:00.000	2019
249	CENTRE	BANFF TRAIL	Disorder	Social Disorder	40	4153	2019-11-01T00:00:00.000	2019
250	CENTRE	DOWNTOWN COMMERCIAL CORE	Crime	Theft OF Vehicle	8	8683	2019-11-01T00:00:00.000	2019
251	WEST	RUTLAND PARK	Disorder	Physical Disorder	1	2263	2019-11-01T00:00:00.000	2019
252	NORTHEAST	TARADALE	Disorder	Physical Disorder	4	19026	2019-11-01T00:00:00.000	2019
253	NORTHEAST	WHITEHORN	Disorder	Social Disorder	44	12019	2019-11-01T00:00:00.000	2019
254	NORTHWEST	SILVER SPRINGS	Crime	Violence Other (Non-domestic)	1	8679	2019-11-01T00:00:00.000	2019
255	SOUTH	OAKRIDGE	Crime	Residential Break & Enter	1	5690	2019-11-01T00:00:00.000	2019
256	NORTHEAST	REDSTONE	Crime	Assault (Non-domestic)	2	5848	2019-11-01T00:00:00.000	2019
257	WEST	GLAMORGAN	Disorder	Physical Disorder	1	6522	2019-11-01T00:00:00.000	2019
258	SOUTH	KELVIN GROVE	Crime	Commercial Break & Enter	2	2305	2019-11-01T00:00:00.000	2019
259	NORTHEAST	SADDLE RIDGE	Crime	Street Robbery	2	22321	2019-11-01T00:00:00.000	2019
260	NORTHEAST	MONTEREY PARK	Disorder	Physical Disorder	5	10372	2019-11-01T00:00:00.000	2019
261	CENTRE	BRIDGELAND/RIVERSIDE	Disorder	Social Disorder	114	6835	2019-11-01T00:00:00.000	2019
262	CENTRE	SUNNYSIDE	Crime	Assault (Non-domestic)	2	4230	2019-11-01T00:00:00.000	2019
263	EAST	ERIN WOODS	Crime	Assault (Non-domestic)	2	7049	2019-11-01T00:00:00.000	2019
264	NORTHEAST	MARLBOROUGH PARK	Disorder	Physical Disorder	6	8523	2019-11-01T00:00:00.000	2019
265	NORTH	COVENTRY HILLS	Crime	Commercial Break & Enter	1	17667	2019-11-01T00:00:00.000	2019
266	CENTRE	TUXEDO PARK	Crime	Theft OF Vehicle	3	5326	2019-11-01T00:00:00.000	2019
267	NORTHWEST	ARBOUR LAKE	Crime	Commercial Break & Enter	4	10619	2019-11-01T00:00:00.000	2019
268	SOUTH	LAKE BONAVISTA	Crime	Theft FROM Vehicle	10	10293	2019-11-01T00:00:00.000	2019
269	NORTHEAST	PINERIDGE	Crime	Theft FROM Vehicle	9	10022	2019-11-01T00:00:00.000	2019
270	NORTHEAST	MARLBOROUGH PARK	Crime	Theft OF Vehicle	5	8523	2019-11-01T00:00:00.000	2019
271	SOUTHEAST	MCKENZIE TOWNE	Crime	Theft OF Vehicle	5	18283	2019-11-01T00:00:00.000	2019
272	WEST	CHRISTIE PARK	Crime	Assault (Non-domestic)	1	2128	2019-11-01T00:00:00.000	2019
273	CENTRE	CRESCENT HEIGHTS	Crime	Commercial Break & Enter	5	6620	2019-11-01T00:00:00.000	2019
274	NORTHWEST	ROYAL VISTA	Crime	Commercial Break & Enter	2	0	2019-11-01T00:00:00.000	2019
275	EAST	PENBROOKE MEADOWS	Crime	Residential Break & Enter	5	8554	2019-11-01T00:00:00.000	2019
276	SOUTH	SOMERSET	Disorder	Social Disorder	13	8543	2019-11-01T00:00:00.000	2019
277	EAST	FOREST HEIGHTS	Crime	Residential Break & Enter	1	6496	2019-11-01T00:00:00.000	2019
278	WEST	SPRUCE CLIFF	Crime	Violence Other (Non-domestic)	2	4673	2019-11-01T00:00:00.000	2019
279	SOUTH	BRAESIDE	Disorder	Social Disorder	15	5805	2019-11-01T00:00:00.000	2019
280	NORTHWEST	MONTGOMERY	Crime	Commercial Break & Enter	3	4515	2019-11-01T00:00:00.000	2019
281	CENTRE	ELBOYA	Crime	Theft FROM Vehicle	1	1754	2019-11-01T00:00:00.000	2019
282	CENTRE	BANKVIEW	Crime	Commercial Break & Enter	13	5256	2019-11-01T00:00:00.000	2019
283	SOUTH	BRAESIDE	Crime	Theft FROM Vehicle	2	5805	2019-11-01T00:00:00.000	2019
284	NORTH	MACEWAN GLEN	Disorder	Social Disorder	2	4754	2019-11-01T00:00:00.000	2019
285	CENTRE	SCARBORO/ SUNALTA WEST	Crime	Theft FROM Vehicle	3	401	2019-11-01T00:00:00.000	2019
286	NORTH	EVANSTON	Crime	Street Robbery	1	17685	2019-11-01T00:00:00.000	2019
287	NORTH	SAGE HILL	Crime	Theft FROM Vehicle	4	7924	2019-11-01T00:00:00.000	2019
288	CENTRE	BELTLINE	Crime	Violence Other (Non-domestic)	8	25129	2019-11-01T00:00:00.000	2019
289	WEST	COACH HILL	Disorder	Social Disorder	3	3244	2019-11-01T00:00:00.000	2019
290	SOUTH	FAIRVIEW	Disorder	Social Disorder	30	3646	2019-11-01T00:00:00.000	2019
291	NORTH	THORNCLIFFE	Crime	Theft FROM Vehicle	10	8788	2019-11-01T00:00:00.000	2019
292	NORTH	02B	Disorder	Social Disorder	1	0	2019-11-01T00:00:00.000	2019
293	SOUTH	SOUTHWOOD	Crime	Theft OF Vehicle	2	6246	2019-11-01T00:00:00.000	2019
294	NORTHWEST	VARSITY	Crime	Theft FROM Vehicle	11	12874	2019-11-01T00:00:00.000	2019
295	WEST	COUGAR RIDGE	Disorder	Social Disorder	6	6997	2019-11-01T00:00:00.000	2019
296	CENTRE	PARKDALE	Disorder	Physical Disorder	4	2566	2019-11-01T00:00:00.000	2019
297	EAST	GREAT PLAINS	Disorder	Physical Disorder	1	0	2019-11-01T00:00:00.000	2019
298	NORTH	HARVEST HILLS	Crime	Residential Break & Enter	2	7420	2019-11-01T00:00:00.000	2019
299	NORTHWEST	DALHOUSIE	Crime	Theft FROM Vehicle	3	8940	2019-11-01T00:00:00.000	2019
300	SOUTHEAST	AUBURN BAY	Crime	Residential Break & Enter	5	17607	2019-11-01T00:00:00.000	2019
301	SOUTH	CHAPARRAL	Disorder	Social Disorder	28	12654	2019-11-01T00:00:00.000	2019
302	NORTHWEST	DALHOUSIE	Crime	Assault (Non-domestic)	2	8940	2019-11-01T00:00:00.000	2019
303	SOUTH	SOMERSET	Crime	Theft OF Vehicle	1	8543	2019-11-01T00:00:00.000	2019
304	CENTRE	CRESCENT HEIGHTS	Crime	Assault (Non-domestic)	1	6620	2019-11-01T00:00:00.000	2019
305	NORTHWEST	TUSCANY	Crime	Residential Break & Enter	1	19884	2019-11-01T00:00:00.000	2019
306	NORTHEAST	CITYSCAPE	Crime	Theft FROM Vehicle	1	3104	2019-11-01T00:00:00.000	2019
307	EAST	FOREST HEIGHTS	Disorder	Physical Disorder	4	6496	2019-11-01T00:00:00.000	2019
308	NORTH	03W	Crime	Commercial Break & Enter	3	0	2019-11-01T00:00:00.000	2019
309	CENTRE	RICHMOND	Disorder	Social Disorder	22	4962	2019-11-01T00:00:00.000	2019
310	NORTHWEST	COLLINGWOOD	Crime	Residential Break & Enter	1	2249	2019-11-01T00:00:00.000	2019
311	NORTHWEST	ARBOUR LAKE	Crime	Assault (Non-domestic)	1	10619	2019-11-01T00:00:00.000	2019
312	SOUTHEAST	EAST SHEPARD INDUSTRIAL	Crime	Violence Other (Non-domestic)	1	0	2019-11-01T00:00:00.000	2019
313	SOUTH	BONAVISTA DOWNS	Disorder	Social Disorder	11	928	2019-11-01T00:00:00.000	2019
314	CENTRE	GREENVIEW INDUSTRIAL PARK	Disorder	Physical Disorder	1	225	2019-11-01T00:00:00.000	2019
315	WEST	ROSSCARROCK	Crime	Assault (Non-domestic)	2	3625	2019-11-01T00:00:00.000	2019
316	NORTHEAST	FALCONRIDGE	Crime	Theft OF Vehicle	6	10653	2019-11-01T00:00:00.000	2019
317	CENTRE	MANCHESTER	Crime	Residential Break & Enter	1	1025	2019-11-01T00:00:00.000	2019
318	NORTH	COUNTRY HILLS VILLAGE	Disorder	Physical Disorder	1	2597	2019-11-01T00:00:00.000	2019
319	NORTH	HARVEST HILLS	Crime	Theft FROM Vehicle	2	7420	2019-11-01T00:00:00.000	2019
320	NORTH	MACEWAN GLEN	Crime	Theft FROM Vehicle	1	4754	2019-11-01T00:00:00.000	2019
321	NORTH	HIDDEN VALLEY	Crime	Residential Break & Enter	2	11566	2019-11-01T00:00:00.000	2019
322	SOUTHEAST	NEW BRIGHTON	Crime	Commercial Robbery	1	13103	2019-11-01T00:00:00.000	2019
323	SOUTHEAST	RIVERBEND	Crime	Commercial Robbery	1	9244	2019-11-01T00:00:00.000	2019
324	CENTRE	BANFF TRAIL	Crime	Theft FROM Vehicle	7	4153	2019-11-01T00:00:00.000	2019
325	CENTRE	WINSTON HEIGHTS/MOUNTVIEW	Crime	Residential Break & Enter	2	3635	2019-11-01T00:00:00.000	2019
326	SOUTH	CEDARBRAE	Crime	Theft FROM Vehicle	3	6094	2019-11-01T00:00:00.000	2019
327	NORTH	THORNCLIFFE	Crime	Residential Break & Enter	3	8788	2019-11-01T00:00:00.000	2019
328	WEST	STRATHCONA PARK	Disorder	Social Disorder	10	6855	2019-11-01T00:00:00.000	2019
329	CENTRE	MISSION	Disorder	Physical Disorder	8	4598	2019-11-01T00:00:00.000	2019
330	WEST	NORTH GLENMORE PARK	Crime	Theft FROM Vehicle	2	2391	2019-11-01T00:00:00.000	2019
331	EAST	EASTFIELD	Crime	Commercial Break & Enter	1	0	2019-11-01T00:00:00.000	2019
332	SOUTH	CHINOOK PARK	Crime	Theft OF Vehicle	1	1662	2019-11-01T00:00:00.000	2019
333	CENTRE	DOWNTOWN WEST END	Crime	Theft FROM Vehicle	5	2785	2019-11-01T00:00:00.000	2019
334	SOUTH	WOODBINE	Crime	Commercial Break & Enter	1	8866	2019-11-01T00:00:00.000	2019
335	NORTHWEST	HAWKWOOD	Disorder	Social Disorder	6	9248	2019-11-01T00:00:00.000	2019
336	NORTH	BEDDINGTON HEIGHTS	Disorder	Social Disorder	45	11514	2019-11-01T00:00:00.000	2019
337	NORTHEAST	SKYVIEW RANCH	Disorder	Social Disorder	30	11707	2019-11-01T00:00:00.000	2019
338	NORTHEAST	MAYLAND HEIGHTS	Crime	Theft FROM Vehicle	6	5961	2019-11-01T00:00:00.000	2019
339	NORTHWEST	SILVER SPRINGS	Crime	Residential Break & Enter	1	8679	2019-11-01T00:00:00.000	2019
340	SOUTHEAST	NEW BRIGHTON	Crime	Theft FROM Vehicle	5	13103	2019-11-01T00:00:00.000	2019
341	NORTHEAST	SKYLINE EAST	Disorder	Social Disorder	4	0	2019-11-01T00:00:00.000	2019
342	SOUTH	SUNDANCE	Disorder	Physical Disorder	1	9736	2019-11-01T00:00:00.000	2019
343	NORTHEAST	WESTWINDS	Crime	Commercial Robbery	1	0	2019-11-01T00:00:00.000	2019
344	SOUTHEAST	DOUGLASDALE/GLEN	Crime	Theft FROM Vehicle	4	12881	2019-11-01T00:00:00.000	2019
345	NORTHEAST	REDSTONE	Crime	Theft OF Vehicle	1	5848	2019-11-01T00:00:00.000	2019
346	NORTHWEST	ROYAL VISTA	Disorder	Social Disorder	9	0	2019-11-01T00:00:00.000	2019
347	NORTHWEST	UNIVERSITY OF CALGARY	Disorder	Social Disorder	55	2367	2019-11-01T00:00:00.000	2019
348	NORTHWEST	RANCHLANDS	Crime	Assault (Non-domestic)	1	7607	2019-11-01T00:00:00.000	2019
349	NORTHEAST	MERIDIAN	Crime	Theft FROM Vehicle	2	0	2019-11-01T00:00:00.000	2019
350	SOUTHEAST	SOUTH FOOTHILLS	Crime	Theft OF Vehicle	1	0	2019-11-01T00:00:00.000	2019
351	SOUTH	OAKRIDGE	Crime	Theft OF Vehicle	1	5690	2019-11-01T00:00:00.000	2019
352	SOUTH	SHAWNEE SLOPES	Disorder	Social Disorder	2	1911	2019-11-01T00:00:00.000	2019
353	NORTHWEST	MONTGOMERY	Crime	Street Robbery	1	4515	2019-11-01T00:00:00.000	2019
354	WEST	SIGNAL HILL	Disorder	Physical Disorder	6	13395	2019-11-01T00:00:00.000	2019
355	NORTHWEST	ROYAL OAK	Disorder	Social Disorder	11	11706	2019-11-01T00:00:00.000	2019
356	SOUTH	WALDEN	Crime	Theft OF Vehicle	5	6228	2019-11-01T00:00:00.000	2019
357	WEST	CRESTMONT	Crime	Theft FROM Vehicle	1	1690	2019-11-01T00:00:00.000	2019
358	NORTHEAST	CORAL SPRINGS	Crime	Theft FROM Vehicle	5	5801	2019-11-01T00:00:00.000	2019
359	CENTRE	ST. ANDREWS HEIGHTS	Disorder	Social Disorder	19	1795	2019-11-01T00:00:00.000	2019
360	NORTHEAST	PEGASUS	Disorder	Social Disorder	2	0	2019-11-01T00:00:00.000	2019
361	CENTRE	DOWNTOWN COMMERCIAL CORE	Crime	Residential Break & Enter	1	8683	2019-11-01T00:00:00.000	2019
362	NORTHEAST	SUNRIDGE	Crime	Assault (Non-domestic)	4	11	2019-11-01T00:00:00.000	2019
363	SOUTH	ACADIA	Crime	Theft FROM Vehicle	13	10520	2019-11-01T00:00:00.000	2019
364	EAST	ALBERT PARK/RADISSON HEIGHTS	Crime	Theft OF Vehicle	10	6997	2019-11-01T00:00:00.000	2019
365	NORTHWEST	UNIVERSITY HEIGHTS	Crime	Assault (Non-domestic)	2	2921	2019-11-01T00:00:00.000	2019
366	CENTRE	INGLEWOOD	Disorder	Social Disorder	37	4024	2019-11-01T00:00:00.000	2019
367	CENTRE	BURNS INDUSTRIAL	Disorder	Social Disorder	2	0	2019-11-01T00:00:00.000	2019
368	SOUTH	OAKRIDGE	Disorder	Physical Disorder	3	5690	2019-11-01T00:00:00.000	2019
369	CENTRE	HIGHLAND PARK	Crime	Theft FROM Vehicle	7	3838	2019-11-01T00:00:00.000	2019
370	CENTRE	ELBOW PARK	Crime	Theft FROM Vehicle	4	3342	2019-11-01T00:00:00.000	2019
371	CENTRE	CRESCENT HEIGHTS	Crime	Theft FROM Vehicle	18	6620	2019-11-01T00:00:00.000	2019
372	WEST	ASPEN WOODS	Disorder	Physical Disorder	2	9446	2019-11-01T00:00:00.000	2019
373	SOUTH	FAIRVIEW INDUSTRIAL	Crime	Theft OF Vehicle	1	0	2019-11-01T00:00:00.000	2019
374	NORTHEAST	CASTLERIDGE	Crime	Commercial Break & Enter	2	6127	2019-11-01T00:00:00.000	2019
375	CENTRE	ERLTON	Crime	Theft FROM Vehicle	5	1270	2019-11-01T00:00:00.000	2019
376	NORTHEAST	MARLBOROUGH PARK	Crime	Violence Other (Non-domestic)	3	8523	2019-11-01T00:00:00.000	2019
377	SOUTH	LAKE BONAVISTA	Crime	Commercial Break & Enter	4	10293	2019-11-01T00:00:00.000	2019
378	SOUTH	FAIRVIEW	Crime	Theft FROM Vehicle	3	3646	2019-11-01T00:00:00.000	2019
379	NORTH	COUNTRY HILLS	Crime	Street Robbery	1	3767	2019-11-01T00:00:00.000	2019
380	CENTRE	MOUNT PLEASANT	Crime	Theft FROM Vehicle	3	5889	2019-11-01T00:00:00.000	2019
381	NORTHEAST	ABBEYDALE	Crime	Theft FROM Vehicle	1	5957	2019-11-01T00:00:00.000	2019
382	NORTHWEST	BRENTWOOD	Disorder	Physical Disorder	4	7267	2019-11-01T00:00:00.000	2019
383	NORTHEAST	CALGARY INTERNATIONAL AIRPORT	Crime	Residential Break & Enter	1	0	2019-11-01T00:00:00.000	2019
384	NORTH	NORTH HAVEN	Disorder	Physical Disorder	1	2359	2019-11-01T00:00:00.000	2019
385	SOUTHEAST	MCKENZIE TOWNE	Crime	Assault (Non-domestic)	1	18283	2019-11-01T00:00:00.000	2019
386	EAST	ALBERT PARK/RADISSON HEIGHTS	Crime	Commercial Robbery	1	6997	2019-11-01T00:00:00.000	2019
387	NORTHWEST	VARSITY	Disorder	Physical Disorder	1	12874	2019-11-01T00:00:00.000	2019
388	CENTRE	BANKVIEW	Disorder	Social Disorder	73	5256	2019-11-01T00:00:00.000	2019
389	CENTRE	RENFREW	Crime	Theft OF Vehicle	2	6582	2019-11-01T00:00:00.000	2019
390	EAST	FOREST LAWN	Crime	Theft FROM Vehicle	12	7814	2019-11-01T00:00:00.000	2019
391	NORTHWEST	CITADEL	Crime	Theft OF Vehicle	1	10077	2019-11-01T00:00:00.000	2019
392	NORTH	PANORAMA HILLS	Crime	Violence Other (Non-domestic)	1	25710	2019-11-01T00:00:00.000	2019
393	CENTRE	HILLHURST	Crime	Assault (Non-domestic)	3	6558	2019-11-01T00:00:00.000	2019
394	WEST	GLAMORGAN	Crime	Theft OF Vehicle	5	6522	2019-11-01T00:00:00.000	2019
395	SOUTHEAST	SHEPARD INDUSTRIAL	Crime	Commercial Break & Enter	4	255	2019-11-01T00:00:00.000	2019
396	SOUTHEAST	COPPERFIELD	Crime	Commercial Break & Enter	1	13823	2019-11-01T00:00:00.000	2019
397	NORTHEAST	CASTLERIDGE	Crime	Theft OF Vehicle	2	6127	2019-11-01T00:00:00.000	2019
398	CENTRE	DOWNTOWN EAST VILLAGE	Crime	Theft OF Vehicle	2	3893	2019-11-01T00:00:00.000	2019
399	NORTHWEST	ARBOUR LAKE	Disorder	Social Disorder	43	10619	2019-11-01T00:00:00.000	2019
400	SOUTH	KINGSLAND	Disorder	Social Disorder	89	4688	2019-11-01T00:00:00.000	2019
401	NORTHEAST	PINERIDGE	Crime	Violence Other (Non-domestic)	1	10022	2019-11-01T00:00:00.000	2019
402	CENTRE	PARKHILL	Crime	Commercial Break & Enter	1	1691	2019-11-01T00:00:00.000	2019
403	NORTHEAST	FALCONRIDGE	Crime	Residential Break & Enter	4	10653	2019-11-01T00:00:00.000	2019
404	SOUTH	BAYVIEW	Disorder	Social Disorder	1	751	2019-11-01T00:00:00.000	2019
405	SOUTHEAST	DOUGLASDALE/GLEN	Crime	Commercial Break & Enter	1	12881	2019-11-01T00:00:00.000	2019
406	NORTHEAST	SUNRIDGE	Disorder	Social Disorder	105	11	2019-11-01T00:00:00.000	2019
407	SOUTH	WILLOW PARK	Crime	Theft OF Vehicle	4	5328	2019-11-01T00:00:00.000	2019
408	SOUTHEAST	MAHOGANY	Disorder	Social Disorder	22	11784	2019-11-01T00:00:00.000	2019
409	CENTRE	HOUNSFIELD HEIGHTS/BRIAR HILL	Disorder	Social Disorder	39	2798	2019-11-01T00:00:00.000	2019
410	NORTHWEST	HAMPTONS	Disorder	Social Disorder	6	7382	2019-11-01T00:00:00.000	2019
411	SOUTHEAST	OGDEN	Crime	Residential Break & Enter	1	8576	2019-11-01T00:00:00.000	2019
412	SOUTH	QUEENSLAND	Crime	Theft OF Vehicle	1	4743	2019-11-01T00:00:00.000	2019
413	CENTRE	SUNALTA	Disorder	Social Disorder	51	3239	2019-11-01T00:00:00.000	2019
414	EAST	FOREST LAWN INDUSTRIAL	Disorder	Social Disorder	34	123	2019-11-01T00:00:00.000	2019
415	WEST	GLENBROOK	Crime	Violence Other (Non-domestic)	1	7442	2019-11-01T00:00:00.000	2019
416	CENTRE	TUXEDO PARK	Crime	Commercial Break & Enter	2	5326	2019-11-01T00:00:00.000	2019
417	CENTRE	SOUTH CALGARY	Crime	Assault (Non-domestic)	4	4442	2019-11-01T00:00:00.000	2019
418	SOUTH	SHAWNESSY	Crime	Residential Break & Enter	1	9368	2019-11-01T00:00:00.000	2019
419	SOUTH	MILLRISE	Crime	Theft FROM Vehicle	5	6900	2019-11-01T00:00:00.000	2019
420	SOUTH	MAPLE RIDGE	Disorder	Physical Disorder	2	1916	2019-11-01T00:00:00.000	2019
421	NORTH	THORNCLIFFE	Crime	Assault (Non-domestic)	1	8788	2019-11-01T00:00:00.000	2019
422	CENTRE	HIGHFIELD	Crime	Commercial Break & Enter	3	0	2019-11-01T00:00:00.000	2019
423	EAST	STARFIELD	Disorder	Social Disorder	4	0	2019-11-01T00:00:00.000	2019
424	NORTHEAST	WHITEHORN	Disorder	Physical Disorder	19	12019	2019-11-01T00:00:00.000	2019
425	SOUTH	WILLOW PARK	Disorder	Physical Disorder	2	5328	2019-11-01T00:00:00.000	2019
426	NORTHEAST	MAYLAND HEIGHTS	Disorder	Physical Disorder	1	5961	2019-11-01T00:00:00.000	2019
427	EAST	FOREST HEIGHTS	Crime	Theft OF Vehicle	5	6496	2019-11-01T00:00:00.000	2019
428	NORTH	PANORAMA HILLS	Disorder	Physical Disorder	4	25710	2019-11-01T00:00:00.000	2019
429	NORTHEAST	DEERFOOT BUSINESS CENTRE	Crime	Theft FROM Vehicle	1	0	2019-11-01T00:00:00.000	2019
430	NORTHEAST	SADDLE RIDGE INDUSTRIAL	Crime	Theft FROM Vehicle	1	25	2019-11-01T00:00:00.000	2019
431	SOUTHEAST	SETON	Crime	Theft OF Vehicle	2	1134	2019-11-01T00:00:00.000	2019
432	NORTH	COVENTRY HILLS	Crime	Theft OF Vehicle	4	17667	2019-11-01T00:00:00.000	2019
433	WEST	CHRISTIE PARK	Disorder	Social Disorder	2	2128	2019-11-01T00:00:00.000	2019
434	WEST	SPRINGBANK HILL	Crime	Assault (Non-domestic)	1	9943	2019-11-01T00:00:00.000	2019
435	CENTRE	GREENVIEW	Crime	Theft FROM Vehicle	2	1906	2019-11-01T00:00:00.000	2019
436	CENTRE	MEADOWLARK PARK	Crime	Theft FROM Vehicle	8	644	2019-11-01T00:00:00.000	2019
437	NORTHEAST	HORIZON	Crime	Theft FROM Vehicle	1	0	2019-11-01T00:00:00.000	2019
438	NORTHEAST	MARLBOROUGH	Disorder	Social Disorder	74	9162	2019-11-01T00:00:00.000	2019
439	SOUTHEAST	SOUTH FOOTHILLS	Disorder	Social Disorder	1	0	2019-11-01T00:00:00.000	2019
440	EAST	VALLEYFIELD	Disorder	Social Disorder	11	0	2019-11-01T00:00:00.000	2019
441	NORTHEAST	PINERIDGE	Disorder	Physical Disorder	9	10022	2019-11-01T00:00:00.000	2019
442	NORTHEAST	STONEY 2	Crime	Theft OF Vehicle	6	0	2019-11-01T00:00:00.000	2019
443	WEST	WESTGATE	Crime	Assault (Non-domestic)	2	3202	2019-11-01T00:00:00.000	2019
444	CENTRE	WEST HILLHURST	Crime	Residential Break & Enter	2	6447	2019-11-01T00:00:00.000	2019
445	SOUTH	DEER RIDGE	Disorder	Social Disorder	12	3973	2019-11-01T00:00:00.000	2019
446	WEST	LINCOLN PARK	Crime	Theft FROM Vehicle	1	2617	2019-11-01T00:00:00.000	2019
447	CENTRE	ROXBORO	Disorder	Physical Disorder	1	422	2019-11-01T00:00:00.000	2019
448	CENTRE	SHAGANAPPI	Disorder	Social Disorder	23	1626	2019-11-01T00:00:00.000	2019
449	SOUTH	BRIDLEWOOD	Crime	Theft OF Vehicle	2	12641	2019-11-01T00:00:00.000	2019
450	NORTH	KINCORA	Disorder	Physical Disorder	1	6889	2019-11-01T00:00:00.000	2019
451	CENTRE	ST. ANDREWS HEIGHTS	Disorder	Physical Disorder	3	1795	2019-11-01T00:00:00.000	2019
452	NORTHEAST	SKYVIEW RANCH	Crime	Assault (Non-domestic)	1	11707	2019-11-01T00:00:00.000	2019
453	WEST	SPRUCE CLIFF	Crime	Commercial Break & Enter	2	4673	2019-11-01T00:00:00.000	2019
454	CENTRE	UPPER MOUNT ROYAL	Crime	Commercial Break & Enter	1	2478	2019-11-01T00:00:00.000	2019
455	SOUTHEAST	MCKENZIE LAKE	Crime	Residential Break & Enter	6	13406	2019-11-01T00:00:00.000	2019
456	NORTHEAST	SADDLE RIDGE	Disorder	Social Disorder	48	22321	2019-11-01T00:00:00.000	2019
457	EAST	ERIN WOODS	Crime	Theft OF Vehicle	5	7049	2019-11-01T00:00:00.000	2019
458	SOUTHEAST	12A	Crime	Commercial Break & Enter	2	0	2019-11-01T00:00:00.000	2019
459	EAST	SOUTHVIEW	Crime	Street Robbery	1	1805	2019-11-01T00:00:00.000	2019
460	NORTH	CARRINGTON	Disorder	Physical Disorder	1	572	2019-11-01T00:00:00.000	2019
461	SOUTHEAST	SECTION 23	Disorder	Social Disorder	1	0	2019-11-01T00:00:00.000	2019
462	NORTHWEST	EDGEMONT	Crime	Theft FROM Vehicle	6	15395	2019-11-01T00:00:00.000	2019
463	EAST	APPLEWOOD PARK	Disorder	Physical Disorder	1	6981	2019-11-01T00:00:00.000	2019
464	NORTHEAST	STONEY 2	Crime	Assault (Non-domestic)	1	0	2019-11-01T00:00:00.000	2019
465	CENTRE	DOWNTOWN EAST VILLAGE	Crime	Commercial Break & Enter	5	3893	2019-11-01T00:00:00.000	2019
466	NORTHEAST	CALGARY INTERNATIONAL AIRPORT	Crime	Violence Other (Non-domestic)	1	0	2019-11-01T00:00:00.000	2019
467	NORTH	HUNTINGTON HILLS	Crime	Violence Other (Non-domestic)	2	13420	2019-11-01T00:00:00.000	2019
468	NORTHWEST	BRENTWOOD	Crime	Theft OF Vehicle	3	7267	2019-11-01T00:00:00.000	2019
469	EAST	PENBROOKE MEADOWS	Crime	Theft FROM Vehicle	6	8554	2019-11-01T00:00:00.000	2019
470	CENTRE	KILLARNEY/GLENGARRY	Disorder	Social Disorder	59	7685	2019-11-01T00:00:00.000	2019
471	CENTRE	MOUNT PLEASANT	Crime	Commercial Break & Enter	2	5889	2019-11-01T00:00:00.000	2019
472	SOUTH	FAIRVIEW INDUSTRIAL	Crime	Commercial Break & Enter	2	0	2019-11-01T00:00:00.000	2019
473	WEST	SPRUCE CLIFF	Crime	Theft OF Vehicle	2	4673	2019-11-01T00:00:00.000	2019
474	SOUTH	GLENDEER BUSINESS PARK	Disorder	Physical Disorder	1	0	2019-11-01T00:00:00.000	2019
475	NORTH	SANDSTONE VALLEY	Disorder	Physical Disorder	1	5904	2019-11-01T00:00:00.000	2019
476	CENTRE	PARKHILL	Crime	Theft OF Vehicle	1	1691	2019-11-01T00:00:00.000	2019
477	CENTRE	BELTLINE	Crime	Commercial Robbery	4	25129	2019-11-01T00:00:00.000	2019
478	WEST	DISCOVERY RIDGE	Crime	Violence Other (Non-domestic)	1	4280	2019-11-01T00:00:00.000	2019
479	NORTHEAST	FRANKLIN	Crime	Commercial Break & Enter	1	0	2019-11-01T00:00:00.000	2019
480	SOUTHEAST	COPPERFIELD	Crime	Theft FROM Vehicle	5	13823	2019-11-01T00:00:00.000	2019
481	SOUTH	PUMP HILL	Crime	Theft FROM Vehicle	1	1640	2019-11-01T00:00:00.000	2019
482	CENTRE	SUNALTA	Crime	Theft FROM Vehicle	14	3239	2019-11-01T00:00:00.000	2019
483	SOUTH	SHAWNESSY	Disorder	Social Disorder	74	9368	2019-11-01T00:00:00.000	2019
484	CENTRE	SOUTH CALGARY	Crime	Residential Break & Enter	2	4442	2019-11-01T00:00:00.000	2019
485	WEST	GLENBROOK	Crime	Residential Break & Enter	2	7442	2019-11-01T00:00:00.000	2019
486	NORTHWEST	BOWNESS	Disorder	Social Disorder	97	11150	2019-11-01T00:00:00.000	2019
487	WEST	CHRISTIE PARK	Crime	Theft FROM Vehicle	2	2128	2019-11-01T00:00:00.000	2019
488	EAST	DOVER	Disorder	Physical Disorder	6	10351	2019-11-01T00:00:00.000	2019
489	SOUTH	WILLOW PARK	Crime	Residential Break & Enter	2	5328	2019-11-01T00:00:00.000	2019
490	NORTHWEST	ROCKY RIDGE	Crime	Residential Break & Enter	1	8398	2019-11-01T00:00:00.000	2019
491	NORTH	AURORA BUSINESS PARK	Disorder	Physical Disorder	1	0	2019-11-01T00:00:00.000	2019
492	CENTRE	HIGHFIELD	Disorder	Social Disorder	10	0	2019-11-01T00:00:00.000	2019
493	SOUTH	MIDNAPORE	Crime	Violence Other (Non-domestic)	1	7270	2019-11-01T00:00:00.000	2019
494	NORTHEAST	TARADALE	Crime	Assault (Non-domestic)	4	19026	2019-11-01T00:00:00.000	2019
495	NORTHEAST	CASTLERIDGE	Disorder	Physical Disorder	3	6127	2019-11-01T00:00:00.000	2019
496	SOUTH	HAYSBORO	Crime	Assault (Non-domestic)	4	7080	2019-11-01T00:00:00.000	2019
497	CENTRE	MANCHESTER INDUSTRIAL	Disorder	Physical Disorder	7	0	2019-11-01T00:00:00.000	2019
498	EAST	RED CARPET	Crime	Commercial Break & Enter	1	1594	2019-11-01T00:00:00.000	2019
499	NORTHEAST	MARLBOROUGH PARK	Crime	Commercial Robbery	1	8523	2019-11-01T00:00:00.000	2019
500	NORTHEAST	SOUTH AIRWAYS	Crime	Commercial Break & Enter	6	0	2019-11-01T00:00:00.000	2019
501	NORTHEAST	FRANKLIN	Crime	Theft OF Vehicle	1	0	2019-11-01T00:00:00.000	2019
502	SOUTH	LEGACY	Crime	Theft FROM Vehicle	2	6420	2019-11-01T00:00:00.000	2019
503	NORTH	HARVEST HILLS	Disorder	Physical Disorder	3	7420	2019-11-01T00:00:00.000	2019
504	WEST	LAKEVIEW	Crime	Theft FROM Vehicle	1	5355	2019-11-01T00:00:00.000	2019
505	WEST	GLENBROOK	Disorder	Social Disorder	21	7442	2019-11-01T00:00:00.000	2019
506	CENTRE	TUXEDO PARK	Crime	Theft FROM Vehicle	8	5326	2019-11-01T00:00:00.000	2019
507	CENTRE	SHAGANAPPI	Crime	Residential Break & Enter	1	1626	2019-11-01T00:00:00.000	2019
508	NORTHWEST	TUSCANY	Disorder	Social Disorder	18	19884	2019-11-01T00:00:00.000	2019
509	NORTH	HUNTINGTON HILLS	Disorder	Social Disorder	53	13420	2019-11-01T00:00:00.000	2019
510	CENTRE	MANCHESTER	Disorder	Social Disorder	19	1025	2019-11-01T00:00:00.000	2019
511	WEST	SIGNAL HILL	Crime	Assault (Non-domestic)	1	13395	2019-11-01T00:00:00.000	2019
512	NORTHEAST	SADDLE RIDGE INDUSTRIAL	Crime	Commercial Break & Enter	3	25	2019-11-01T00:00:00.000	2019
513	WEST	STRATHCONA PARK	Crime	Theft OF Vehicle	1	6855	2019-11-01T00:00:00.000	2019
514	NORTH	HIDDEN VALLEY	Disorder	Social Disorder	13	11566	2019-11-01T00:00:00.000	2019
515	CENTRE	CHINATOWN	Disorder	Physical Disorder	2	2471	2019-11-01T00:00:00.000	2019
516	NORTHEAST	MARTINDALE	Crime	Violence Other (Non-domestic)	2	14245	2019-11-01T00:00:00.000	2019
517	SOUTH	BAYVIEW	Crime	Commercial Break & Enter	1	751	2019-11-01T00:00:00.000	2019
518	SOUTH	KINGSLAND	Crime	Commercial Break & Enter	2	4688	2019-11-01T00:00:00.000	2019
519	SOUTH	PALLISER	Disorder	Physical Disorder	3	3672	2019-11-01T00:00:00.000	2019
520	CENTRE	ELBOW PARK	Crime	Theft OF Vehicle	1	3342	2019-11-01T00:00:00.000	2019
521	WEST	SPRUCE CLIFF	Crime	Residential Break & Enter	2	4673	2019-11-01T00:00:00.000	2019
522	WEST	LINCOLN PARK	Crime	Residential Break & Enter	1	2617	2019-11-01T00:00:00.000	2019
523	WEST	WEST SPRINGS	Crime	Commercial Break & Enter	1	10758	2019-11-01T00:00:00.000	2019
524	CENTRE	SCARBORO/ SUNALTA WEST	Disorder	Social Disorder	3	401	2019-11-01T00:00:00.000	2019
525	SOUTH	SOUTHWOOD	Crime	Commercial Robbery	2	6246	2019-11-01T00:00:00.000	2019
526	NORTH	SAGE HILL	Disorder	Physical Disorder	2	7924	2019-11-01T00:00:00.000	2019
527	NORTHEAST	MARTINDALE	Disorder	Physical Disorder	3	14245	2019-11-01T00:00:00.000	2019
528	CENTRE	GREENVIEW	Crime	Commercial Break & Enter	1	1906	2019-11-01T00:00:00.000	2019
529	WEST	STRATHCONA PARK	Crime	Commercial Break & Enter	1	6855	2019-11-01T00:00:00.000	2019
530	NORTHEAST	VISTA HEIGHTS	Crime	Theft OF Vehicle	3	2370	2019-11-01T00:00:00.000	2019
531	CENTRE	WINDSOR PARK	Crime	Commercial Break & Enter	2	4584	2019-11-01T00:00:00.000	2019
532	CENTRE	MEADOWLARK PARK	Crime	Commercial Robbery	1	644	2019-11-01T00:00:00.000	2019
533	WEST	WEST SPRINGS	Disorder	Social Disorder	16	10758	2019-11-01T00:00:00.000	2019
534	WEST	VALLEY RIDGE	Disorder	Social Disorder	8	5585	2019-11-01T00:00:00.000	2019
535	NORTHEAST	STONEGATE LANDING	Disorder	Physical Disorder	1	0	2019-11-01T00:00:00.000	2019
536	CENTRE	LOWER MOUNT ROYAL	Crime	Commercial Break & Enter	5	3457	2019-11-01T00:00:00.000	2019
537	NORTHEAST	TEMPLE	Disorder	Social Disorder	58	10977	2019-11-01T00:00:00.000	2019
538	NORTH	SKYLINE WEST	Disorder	Physical Disorder	2	0	2019-11-01T00:00:00.000	2019
539	NORTHWEST	SILVER SPRINGS	Crime	Theft OF Vehicle	1	8679	2019-11-01T00:00:00.000	2019
540	EAST	FOREST HEIGHTS	Crime	Violence Other (Non-domestic)	1	6496	2019-11-01T00:00:00.000	2019
541	NORTHEAST	SADDLE RIDGE	Crime	Violence Other (Non-domestic)	1	22321	2019-11-01T00:00:00.000	2019
542	SOUTH	CANYON MEADOWS	Crime	Assault (Non-domestic)	1	7624	2019-11-01T00:00:00.000	2019
543	CENTRE	RENFREW	Crime	Commercial Break & Enter	7	6582	2019-11-01T00:00:00.000	2019
544	NORTHEAST	MCCALL	Disorder	Physical Disorder	2	0	2019-11-01T00:00:00.000	2019
545	SOUTHEAST	12B	Disorder	Physical Disorder	1	0	2019-11-01T00:00:00.000	2019
546	SOUTH	BRAESIDE	Crime	Commercial Break & Enter	1	5805	2019-11-01T00:00:00.000	2019
547	NORTHWEST	SCENIC ACRES	Disorder	Social Disorder	6	8067	2019-11-01T00:00:00.000	2019
548	CENTRE	HILLHURST	Disorder	Physical Disorder	4	6558	2019-11-01T00:00:00.000	2019
549	NORTHEAST	VISTA HEIGHTS	Crime	Residential Break & Enter	2	2370	2019-11-01T00:00:00.000	2019
550	CENTRE	ALTADORE	Crime	Commercial Break & Enter	4	6942	2019-11-01T00:00:00.000	2019
551	NORTHWEST	MONTGOMERY	Crime	Theft FROM Vehicle	4	4515	2019-11-01T00:00:00.000	2019
552	SOUTH	EAST FAIRVIEW INDUSTRIAL	Crime	Commercial Break & Enter	2	0	2019-11-01T00:00:00.000	2019
553	SOUTH	GLENMORE PARK	Crime	Theft FROM Vehicle	2	0	2019-11-01T00:00:00.000	2019
554	SOUTH	KELVIN GROVE	Disorder	Social Disorder	18	2305	2019-11-01T00:00:00.000	2019
555	SOUTH	BRAESIDE	Crime	Theft OF Vehicle	1	5805	2019-11-01T00:00:00.000	2019
556	WEST	ASPEN WOODS	Crime	Theft FROM Vehicle	4	9446	2019-11-01T00:00:00.000	2019
557	SOUTH	BRAESIDE	Crime	Assault (Non-domestic)	1	5805	2019-11-01T00:00:00.000	2019
558	EAST	DOVER	Crime	Theft OF Vehicle	8	10351	2019-11-01T00:00:00.000	2019
559	CENTRE	CLIFF BUNGALOW	Disorder	Physical Disorder	3	1895	2019-11-01T00:00:00.000	2019
560	SOUTH	WOODLANDS	Crime	Theft FROM Vehicle	1	6002	2019-11-01T00:00:00.000	2019
561	NORTH	BEDDINGTON HEIGHTS	Crime	Violence Other (Non-domestic)	4	11514	2019-11-01T00:00:00.000	2019
562	WEST	COACH HILL	Crime	Theft FROM Vehicle	1	3244	2019-11-01T00:00:00.000	2019
563	NORTH	THORNCLIFFE	Crime	Theft OF Vehicle	5	8788	2019-11-01T00:00:00.000	2019
564	SOUTHEAST	NEW BRIGHTON	Crime	Commercial Break & Enter	1	13103	2019-11-01T00:00:00.000	2019
565	NORTHWEST	02E	Crime	Assault (Non-domestic)	5	0	2019-11-01T00:00:00.000	2019
566	CENTRE	SOUTH CALGARY	Crime	Violence Other (Non-domestic)	1	4442	2019-11-01T00:00:00.000	2019
567	CENTRE	ROSEMONT	Disorder	Physical Disorder	1	1254	2019-11-01T00:00:00.000	2019
568	NORTHWEST	VARSITY	Crime	Street Robbery	1	12874	2019-11-01T00:00:00.000	2019
569	WEST	COUGAR RIDGE	Crime	Theft FROM Vehicle	1	6997	2019-11-01T00:00:00.000	2019
570	SOUTH	LAKE BONAVISTA	Disorder	Social Disorder	26	10293	2019-11-01T00:00:00.000	2019
571	CENTRE	DOWNTOWN EAST VILLAGE	Crime	Theft FROM Vehicle	9	3893	2019-11-01T00:00:00.000	2019
572	NORTHEAST	NORTH AIRWAYS	Disorder	Physical Disorder	2	0	2019-11-01T00:00:00.000	2019
573	SOUTH	CHAPARRAL	Crime	Residential Break & Enter	2	12654	2019-11-01T00:00:00.000	2019
574	EAST	GREAT PLAINS	Disorder	Social Disorder	12	0	2019-11-01T00:00:00.000	2019
575	NORTHWEST	DALHOUSIE	Crime	Street Robbery	1	8940	2019-11-01T00:00:00.000	2019
576	CENTRE	RICHMOND	Crime	Theft FROM Vehicle	6	4962	2019-11-01T00:00:00.000	2019
577	SOUTH	HAYSBORO	Disorder	Social Disorder	60	7080	2019-11-01T00:00:00.000	2019
578	CENTRE	LOWER MOUNT ROYAL	Crime	Theft FROM Vehicle	11	3457	2019-11-01T00:00:00.000	2019
579	CENTRE	MISSION	Crime	Theft OF Vehicle	3	4598	2019-11-01T00:00:00.000	2019
580	SOUTH	SILVERADO	Crime	Residential Break & Enter	1	7655	2019-11-01T00:00:00.000	2019
581	CENTRE	SUNNYSIDE	Disorder	Physical Disorder	1	4230	2019-11-01T00:00:00.000	2019
582	NORTHEAST	WHITEHORN	Crime	Violence Other (Non-domestic)	2	12019	2019-11-01T00:00:00.000	2019
583	EAST	ERIN WOODS	Crime	Commercial Robbery	1	7049	2019-11-01T00:00:00.000	2019
584	SOUTHEAST	SHEPARD INDUSTRIAL	Crime	Theft FROM Vehicle	4	255	2019-11-01T00:00:00.000	2019
585	CENTRE	HIGHLAND PARK	Disorder	Physical Disorder	2	3838	2019-11-01T00:00:00.000	2019
586	SOUTH	SOMERSET	Crime	Commercial Break & Enter	1	8543	2019-11-01T00:00:00.000	2019
587	NORTHEAST	TARADALE	Crime	Violence Other (Non-domestic)	1	19026	2019-11-01T00:00:00.000	2019
588	CENTRE	MANCHESTER	Crime	Assault (Non-domestic)	1	1025	2019-11-01T00:00:00.000	2019
589	SOUTH	SHAWNESSY	Disorder	Physical Disorder	8	9368	2019-11-01T00:00:00.000	2019
590	SOUTH	SUNDANCE	Crime	Theft OF Vehicle	1	9736	2019-11-01T00:00:00.000	2019
591	NORTH	HARVEST HILLS	Crime	Theft OF Vehicle	1	7420	2019-11-01T00:00:00.000	2019
592	NORTHWEST	ROYAL OAK	Crime	Theft FROM Vehicle	2	11706	2019-11-01T00:00:00.000	2019
593	NORTHEAST	TARADALE	Crime	Theft FROM Vehicle	6	19026	2019-11-01T00:00:00.000	2019
594	NORTHWEST	MONTGOMERY	Crime	Assault (Non-domestic)	1	4515	2019-11-01T00:00:00.000	2019
595	SOUTHEAST	NEW BRIGHTON	Disorder	Physical Disorder	2	13103	2019-11-01T00:00:00.000	2019
596	NORTH	HUNTINGTON HILLS	Crime	Commercial Break & Enter	5	13420	2019-11-01T00:00:00.000	2019
597	SOUTHEAST	MAHOGANY	Crime	Commercial Break & Enter	1	11784	2019-11-01T00:00:00.000	2019
598	NORTHEAST	MAYLAND	Disorder	Physical Disorder	1	0	2019-11-01T00:00:00.000	2019
599	SOUTH	QUEENSLAND	Crime	Theft FROM Vehicle	4	4743	2019-11-01T00:00:00.000	2019
600	SOUTHEAST	RIVERBEND	Disorder	Physical Disorder	8	9244	2019-11-01T00:00:00.000	2019
601	NORTHEAST	REDSTONE	Crime	Commercial Break & Enter	1	5848	2019-11-01T00:00:00.000	2019
602	NORTHEAST	WESTWINDS	Crime	Theft OF Vehicle	3	0	2019-11-01T00:00:00.000	2019
603	CENTRE	CRESCENT HEIGHTS	Crime	Theft OF Vehicle	3	6620	2019-11-01T00:00:00.000	2019
604	NORTH	STONEY 1	Disorder	Physical Disorder	1	0	2019-11-01T00:00:00.000	2019
605	NORTH	EVANSTON	Crime	Theft FROM Vehicle	7	17685	2019-11-01T00:00:00.000	2019
606	NORTHEAST	RUNDLE	Crime	Violence Other (Non-domestic)	2	11688	2019-11-01T00:00:00.000	2019
607	SOUTH	MIDNAPORE	Disorder	Social Disorder	31	7270	2019-11-01T00:00:00.000	2019
608	SOUTH	WALDEN	Crime	Residential Break & Enter	1	6228	2019-11-01T00:00:00.000	2019
609	NORTH	KINCORA	Crime	Theft FROM Vehicle	2	6889	2019-11-01T00:00:00.000	2019
610	SOUTH	FAIRVIEW INDUSTRIAL	Crime	Violence Other (Non-domestic)	1	0	2019-11-01T00:00:00.000	2019
611	CENTRE	GREENVIEW INDUSTRIAL PARK	Disorder	Social Disorder	6	225	2019-11-01T00:00:00.000	2019
612	NORTHEAST	STONEY 3	Disorder	Social Disorder	1	0	2019-11-01T00:00:00.000	2019
613	SOUTH	FAIRVIEW	Crime	Theft OF Vehicle	1	3646	2019-11-01T00:00:00.000	2019
614	SOUTH	SOUTHWOOD	Crime	Theft FROM Vehicle	5	6246	2019-11-01T00:00:00.000	2019
615	NORTHWEST	UNIVERSITY HEIGHTS	Disorder	Social Disorder	15	2921	2019-11-01T00:00:00.000	2019
616	SOUTH	OAKRIDGE	Crime	Theft FROM Vehicle	4	5690	2019-11-01T00:00:00.000	2019
617	NORTHEAST	CALGARY INTERNATIONAL AIRPORT	Disorder	Social Disorder	12	0	2019-11-01T00:00:00.000	2019
618	EAST	ALBERT PARK/RADISSON HEIGHTS	Crime	Commercial Break & Enter	2	6997	2019-11-01T00:00:00.000	2019
619	EAST	ALBERT PARK/RADISSON HEIGHTS	Disorder	Physical Disorder	7	6997	2019-11-01T00:00:00.000	2019
620	NORTHEAST	WESTWINDS	Crime	Commercial Break & Enter	1	0	2019-11-01T00:00:00.000	2019
621	CENTRE	BRIDGELAND/RIVERSIDE	Crime	Street Robbery	3	6835	2019-11-01T00:00:00.000	2019
622	WEST	COUGAR RIDGE	Disorder	Physical Disorder	3	6997	2019-11-01T00:00:00.000	2019
623	CENTRE	ALTADORE	Crime	Theft OF Vehicle	3	6942	2019-11-01T00:00:00.000	2019
624	CENTRE	PARKHILL	Crime	Theft FROM Vehicle	4	1691	2019-11-01T00:00:00.000	2019
625	CENTRE	BURNS INDUSTRIAL	Crime	Theft FROM Vehicle	4	0	2019-11-01T00:00:00.000	2019
626	NORTHEAST	MERIDIAN	Disorder	Social Disorder	11	0	2019-11-01T00:00:00.000	2019
627	NORTH	COVENTRY HILLS	Crime	Assault (Non-domestic)	1	17667	2019-11-01T00:00:00.000	2019
628	NORTHWEST	ARBOUR LAKE	Crime	Residential Break & Enter	3	10619	2019-11-01T00:00:00.000	2019
629	CENTRE	WINDSOR PARK	Crime	Theft FROM Vehicle	8	4584	2019-11-01T00:00:00.000	2019
630	CENTRE	HILLHURST	Crime	Theft OF Vehicle	3	6558	2019-11-01T00:00:00.000	2019
631	SOUTH	CANYON MEADOWS	Crime	Theft OF Vehicle	3	7624	2019-11-01T00:00:00.000	2019
632	NORTHEAST	MARLBOROUGH PARK	Disorder	Social Disorder	41	8523	2019-11-01T00:00:00.000	2019
633	CENTRE	CRESCENT HEIGHTS	Disorder	Social Disorder	59	6620	2019-11-01T00:00:00.000	2019
634	SOUTH	13B	Disorder	Physical Disorder	1	0	2019-11-01T00:00:00.000	2019
635	EAST	FOOTHILLS	Crime	Assault (Non-domestic)	1	317	2019-11-01T00:00:00.000	2019
636	CENTRE	BRIDGELAND/RIVERSIDE	Crime	Theft FROM Vehicle	19	6835	2019-11-01T00:00:00.000	2019
637	SOUTHEAST	EAST SHEPARD INDUSTRIAL	Crime	Commercial Break & Enter	5	0	2019-11-01T00:00:00.000	2019
638	SOUTHEAST	MCKENZIE TOWNE	Crime	Theft FROM Vehicle	7	18283	2019-11-01T00:00:00.000	2019
639	CENTRE	INGLEWOOD	Crime	Violence Other (Non-domestic)	2	4024	2019-11-01T00:00:00.000	2019
640	CENTRE	HOUNSFIELD HEIGHTS/BRIAR HILL	Crime	Theft FROM Vehicle	4	2798	2019-11-01T00:00:00.000	2019
641	WEST	STRATHCONA PARK	Crime	Theft FROM Vehicle	9	6855	2019-11-01T00:00:00.000	2019
642	SOUTH	OAKRIDGE	Crime	Commercial Break & Enter	1	5690	2019-11-01T00:00:00.000	2019
643	CENTRE	HIGHWOOD	Crime	Assault (Non-domestic)	1	2258	2019-11-01T00:00:00.000	2019
644	EAST	RED CARPET	Crime	Theft OF Vehicle	1	1594	2019-11-01T00:00:00.000	2019
645	NORTHEAST	SADDLE RIDGE INDUSTRIAL	Crime	Theft OF Vehicle	1	25	2019-11-01T00:00:00.000	2019
646	SOUTH	CANYON MEADOWS	Crime	Residential Break & Enter	2	7624	2019-11-01T00:00:00.000	2019
647	SOUTH	FAIRVIEW INDUSTRIAL	Crime	Theft FROM Vehicle	9	0	2019-11-01T00:00:00.000	2019
648	SOUTHEAST	SETON	Crime	Assault (Non-domestic)	5	1134	2019-11-01T00:00:00.000	2019
649	NORTHEAST	MARLBOROUGH	Crime	Assault (Non-domestic)	4	9162	2019-11-01T00:00:00.000	2019
650	NORTHEAST	CASTLERIDGE	Crime	Assault (Non-domestic)	1	6127	2019-11-01T00:00:00.000	2019
651	EAST	ERIN WOODS	Crime	Theft FROM Vehicle	8	7049	2019-11-01T00:00:00.000	2019
652	SOUTHEAST	MCKENZIE TOWNE	Disorder	Social Disorder	39	18283	2019-11-01T00:00:00.000	2019
653	NORTHEAST	ABBEYDALE	Crime	Theft OF Vehicle	2	5957	2019-11-01T00:00:00.000	2019
654	CENTRE	ALTADORE	Crime	Theft FROM Vehicle	17	6942	2019-11-01T00:00:00.000	2019
655	NORTH	PANORAMA HILLS	Crime	Residential Break & Enter	3	25710	2019-11-01T00:00:00.000	2019
656	CENTRE	ST. ANDREWS HEIGHTS	Crime	Theft OF Vehicle	1	1795	2019-11-01T00:00:00.000	2019
657	NORTHEAST	MONTEREY PARK	Crime	Violence Other (Non-domestic)	1	10372	2019-11-01T00:00:00.000	2019
658	NORTH	COVENTRY HILLS	Crime	Violence Other (Non-domestic)	1	17667	2019-11-01T00:00:00.000	2019
659	CENTRE	MEADOWLARK PARK	Crime	Theft OF Vehicle	2	644	2019-11-01T00:00:00.000	2019
660	NORTHEAST	PINERIDGE	Disorder	Social Disorder	65	10022	2019-11-01T00:00:00.000	2019
661	EAST	OGDEN SHOPS	Crime	Commercial Break & Enter	1	0	2019-11-01T00:00:00.000	2019
662	NORTHEAST	HORIZON	Disorder	Social Disorder	69	0	2019-11-01T00:00:00.000	2019
663	NORTHEAST	MAYLAND HEIGHTS	Crime	Residential Break & Enter	2	5961	2019-11-01T00:00:00.000	2019
664	NORTHEAST	HORIZON	Crime	Theft OF Vehicle	2	0	2019-11-01T00:00:00.000	2019
665	SOUTHEAST	CRANSTON	Crime	Theft OF Vehicle	3	19884	2019-11-01T00:00:00.000	2019
666	NORTHEAST	RUNDLE	Crime	Assault (Non-domestic)	2	11688	2019-11-01T00:00:00.000	2019
667	EAST	APPLEWOOD PARK	Crime	Violence Other (Non-domestic)	1	6981	2019-11-01T00:00:00.000	2019
668	SOUTH	BONAVISTA DOWNS	Crime	Theft FROM Vehicle	2	928	2019-11-01T00:00:00.000	2019
669	CENTRE	ST. ANDREWS HEIGHTS	Crime	Theft FROM Vehicle	2	1795	2019-11-01T00:00:00.000	2019
670	NORTH	COVENTRY HILLS	Disorder	Physical Disorder	5	17667	2019-11-01T00:00:00.000	2019
671	SOUTH	CHAPARRAL	Disorder	Physical Disorder	1	12654	2019-11-01T00:00:00.000	2019
672	CENTRE	WEST HILLHURST	Crime	Assault (Non-domestic)	1	6447	2019-11-01T00:00:00.000	2019
673	NORTHWEST	UNIVERSITY OF CALGARY	Crime	Violence Other (Non-domestic)	2	2367	2019-11-01T00:00:00.000	2019
674	NORTH	HIDDEN VALLEY	Disorder	Physical Disorder	1	11566	2019-11-01T00:00:00.000	2019
675	NORTHEAST	CORAL SPRINGS	Disorder	Social Disorder	10	5801	2019-11-01T00:00:00.000	2019
676	SOUTH	ACADIA	Disorder	Social Disorder	116	10520	2019-11-01T00:00:00.000	2019
677	NORTH	EVANSTON	Crime	Theft OF Vehicle	2	17685	2019-11-01T00:00:00.000	2019
678	SOUTH	LEGACY	Disorder	Social Disorder	15	6420	2019-11-01T00:00:00.000	2019
679	WEST	ASPEN WOODS	Crime	Residential Break & Enter	2	9446	2019-11-01T00:00:00.000	2019
680	CENTRE	ELBOW PARK	Disorder	Social Disorder	2	3342	2019-11-01T00:00:00.000	2019
681	NORTHEAST	STONEY 2	Disorder	Physical Disorder	2	0	2019-11-01T00:00:00.000	2019
682	SOUTHEAST	12A	Crime	Theft OF Vehicle	1	0	2019-11-01T00:00:00.000	2019
683	EAST	FOOTHILLS	Crime	Commercial Break & Enter	2	317	2019-11-01T00:00:00.000	2019
684	CENTRE	ROSEDALE	Disorder	Physical Disorder	1	1560	2019-11-01T00:00:00.000	2019
685	CENTRE	EAU CLAIRE	Crime	Assault (Non-domestic)	2	2030	2019-11-01T00:00:00.000	2019
686	EAST	APPLEWOOD PARK	Crime	Residential Break & Enter	1	6981	2019-11-01T00:00:00.000	2019
687	CENTRE	HILLHURST	Crime	Theft FROM Vehicle	9	6558	2019-11-01T00:00:00.000	2019
688	NORTHWEST	DALHOUSIE	Crime	Theft OF Vehicle	5	8940	2019-11-01T00:00:00.000	2019
689	WEST	WESTGATE	Disorder	Social Disorder	9	3202	2019-11-01T00:00:00.000	2019
690	SOUTH	WOODBINE	Crime	Commercial Robbery	1	8866	2019-11-01T00:00:00.000	2019
691	CENTRE	KILLARNEY/GLENGARRY	Crime	Street Robbery	1	7685	2019-11-01T00:00:00.000	2019
692	CENTRE	MOUNT PLEASANT	Disorder	Social Disorder	36	5889	2019-11-01T00:00:00.000	2019
693	CENTRE	BRIDGELAND/RIVERSIDE	Crime	Commercial Break & Enter	3	6835	2019-11-01T00:00:00.000	2019
694	NORTHEAST	MAYLAND HEIGHTS	Crime	Street Robbery	1	5961	2019-11-01T00:00:00.000	2019
695	WEST	GLENDALE	Crime	Violence Other (Non-domestic)	1	2765	2019-11-01T00:00:00.000	2019
696	NORTHEAST	SKYLINE EAST	Crime	Theft FROM Vehicle	1	0	2019-11-01T00:00:00.000	2019
697	WEST	SPRINGBANK HILL	Crime	Commercial Break & Enter	1	9943	2019-11-01T00:00:00.000	2019
698	NORTHWEST	VARSITY	Crime	Residential Break & Enter	4	12874	2019-11-01T00:00:00.000	2019
699	CENTRE	ALYTH/BONNYBROOK	Disorder	Social Disorder	15	0	2019-11-01T00:00:00.000	2019
700	EAST	FOREST LAWN	Disorder	Social Disorder	150	7814	2019-11-01T00:00:00.000	2019
701	EAST	SOUTHVIEW	Crime	Assault (Non-domestic)	1	1805	2019-11-01T00:00:00.000	2019
702	SOUTHEAST	DOUGLASDALE/GLEN	Crime	Violence Other (Non-domestic)	1	12881	2019-11-01T00:00:00.000	2019
703	SOUTHEAST	SOUTH FOOTHILLS	Crime	Theft FROM Vehicle	3	0	2019-11-01T00:00:00.000	2019
704	CENTRE	CLIFF BUNGALOW	Crime	Commercial Break & Enter	1	1895	2019-11-01T00:00:00.000	2019
705	CENTRE	RICHMOND	Crime	Residential Break & Enter	2	4962	2019-11-01T00:00:00.000	2019
706	NORTHEAST	NORTH AIRWAYS	Crime	Commercial Break & Enter	1	0	2019-11-01T00:00:00.000	2019
707	CENTRE	CAPITOL HILL	Crime	Commercial Break & Enter	3	4744	2019-11-01T00:00:00.000	2019
708	CENTRE	WEST HILLHURST	Disorder	Physical Disorder	2	6447	2019-11-01T00:00:00.000	2019
709	NORTHEAST	MARTINDALE	Crime	Theft FROM Vehicle	8	14245	2019-11-01T00:00:00.000	2019
710	WEST	ROSSCARROCK	Crime	Theft FROM Vehicle	3	3625	2019-11-01T00:00:00.000	2019
711	NORTHWEST	UNIVERSITY OF CALGARY	Crime	Theft FROM Vehicle	4	2367	2019-11-01T00:00:00.000	2019
712	CENTRE	DOWNTOWN COMMERCIAL CORE	Disorder	Social Disorder	469	8683	2019-11-01T00:00:00.000	2019
713	SOUTH	HAYSBORO	Crime	Residential Break & Enter	3	7080	2019-11-01T00:00:00.000	2019
714	CENTRE	BANFF TRAIL	Crime	Theft OF Vehicle	2	4153	2019-11-01T00:00:00.000	2019
715	CENTRE	BURNS INDUSTRIAL	Disorder	Physical Disorder	5	0	2019-11-01T00:00:00.000	2019
716	CENTRE	MANCHESTER INDUSTRIAL	Crime	Theft FROM Vehicle	10	0	2019-11-01T00:00:00.000	2019
717	CENTRE	MISSION	Crime	Theft FROM Vehicle	17	4598	2019-11-01T00:00:00.000	2019
718	NORTHEAST	SADDLE RIDGE	Crime	Residential Break & Enter	2	22321	2019-11-01T00:00:00.000	2019
719	SOUTH	KELVIN GROVE	Crime	Residential Break & Enter	1	2305	2019-11-01T00:00:00.000	2019
720	NORTHEAST	TEMPLE	Crime	Theft OF Vehicle	4	10977	2019-11-01T00:00:00.000	2019
721	NORTH	CARRINGTON	Crime	Commercial Break & Enter	1	572	2019-11-01T00:00:00.000	2019
722	NORTHWEST	TUSCANY	Crime	Violence Other (Non-domestic)	1	19884	2019-11-01T00:00:00.000	2019
723	NORTHWEST	RANCHLANDS	Crime	Violence Other (Non-domestic)	2	7607	2019-11-01T00:00:00.000	2019
724	CENTRE	ERLTON	Disorder	Social Disorder	6	1270	2019-11-01T00:00:00.000	2019
725	CENTRE	CAMBRIAN HEIGHTS	Crime	Theft FROM Vehicle	3	2036	2019-11-01T00:00:00.000	2019
726	SOUTHEAST	OGDEN	Disorder	Social Disorder	43	8576	2019-11-01T00:00:00.000	2019
727	CENTRE	BELTLINE	Crime	Street Robbery	4	25129	2019-11-01T00:00:00.000	2019
728	CENTRE	MANCHESTER	Crime	Theft OF Vehicle	1	1025	2019-11-01T00:00:00.000	2019
729	NORTHEAST	WHITEHORN	Crime	Residential Break & Enter	6	12019	2019-11-01T00:00:00.000	2019
730	SOUTH	CHINOOK PARK	Disorder	Social Disorder	2	1662	2019-11-01T00:00:00.000	2019
731	NORTH	COUNTRY HILLS	Disorder	Social Disorder	3	3767	2019-11-01T00:00:00.000	2019
732	CENTRE	MOUNT PLEASANT	Crime	Commercial Robbery	1	5889	2019-11-01T00:00:00.000	2019
733	WEST	SPRUCE CLIFF	Crime	Theft FROM Vehicle	3	4673	2019-11-01T00:00:00.000	2019
734	SOUTHEAST	SETON	Crime	Theft FROM Vehicle	1	1134	2019-11-01T00:00:00.000	2019
735	SOUTH	EVERGREEN	Crime	Theft OF Vehicle	1	21500	2019-11-01T00:00:00.000	2019
736	CENTRE	BANFF TRAIL	Crime	Assault (Non-domestic)	1	4153	2019-11-01T00:00:00.000	2019
737	NORTHWEST	SILVER SPRINGS	Disorder	Social Disorder	6	8679	2019-11-01T00:00:00.000	2019
738	CENTRE	MEADOWLARK PARK	Crime	Assault (Non-domestic)	3	644	2019-11-01T00:00:00.000	2019
739	SOUTHEAST	EAST SHEPARD INDUSTRIAL	Disorder	Social Disorder	10	0	2019-11-01T00:00:00.000	2019
740	NORTH	SANDSTONE VALLEY	Disorder	Social Disorder	10	5904	2019-11-01T00:00:00.000	2019
741	CENTRE	SCARBORO/ SUNALTA WEST	Disorder	Physical Disorder	2	401	2019-11-01T00:00:00.000	2019
742	NORTHEAST	CITYSCAPE	Crime	Commercial Break & Enter	1	3104	2019-11-01T00:00:00.000	2019
743	CENTRE	DOWNTOWN EAST VILLAGE	Crime	Violence Other (Non-domestic)	6	3893	2019-11-01T00:00:00.000	2019
744	EAST	FOREST HEIGHTS	Crime	Commercial Robbery	1	6496	2019-11-01T00:00:00.000	2019
745	SOUTHEAST	AUBURN BAY	Crime	Theft FROM Vehicle	11	17607	2019-11-01T00:00:00.000	2019
746	CENTRE	HILLHURST	Crime	Commercial Break & Enter	5	6558	2019-11-01T00:00:00.000	2019
747	NORTH	03W	Disorder	Social Disorder	4	0	2019-11-01T00:00:00.000	2019
748	NORTHEAST	STONEY 2	Crime	Violence Other (Non-domestic)	1	0	2019-11-01T00:00:00.000	2019
749	WEST	COACH HILL	Crime	Theft OF Vehicle	2	3244	2019-11-01T00:00:00.000	2019
750	CENTRE	MEADOWLARK PARK	Crime	Commercial Break & Enter	4	644	2019-11-01T00:00:00.000	2019
751	SOUTH	DEER RIDGE	Crime	Theft FROM Vehicle	2	3973	2019-11-01T00:00:00.000	2019
752	EAST	GREAT PLAINS	Crime	Theft FROM Vehicle	4	0	2019-11-01T00:00:00.000	2019
753	CENTRE	POINT MCKAY	Crime	Residential Break & Enter	3	1343	2019-11-01T00:00:00.000	2019
754	EAST	ALBERT PARK/RADISSON HEIGHTS	Crime	Violence Other (Non-domestic)	2	6997	2019-11-01T00:00:00.000	2019
755	WEST	LINCOLN PARK	Disorder	Social Disorder	2	2617	2019-11-01T00:00:00.000	2019
756	WEST	SIGNAL HILL	Disorder	Social Disorder	50	13395	2019-11-01T00:00:00.000	2019
757	NORTHEAST	FALCONRIDGE	Disorder	Physical Disorder	9	10653	2019-11-01T00:00:00.000	2019
758	NORTH	BEDDINGTON HEIGHTS	Crime	Assault (Non-domestic)	1	11514	2019-11-01T00:00:00.000	2019
759	NORTH	KINCORA	Crime	Residential Break & Enter	1	6889	2019-11-01T00:00:00.000	2019
760	WEST	CRESTMONT	Crime	Theft OF Vehicle	2	1690	2019-11-01T00:00:00.000	2019
761	CENTRE	ST. ANDREWS HEIGHTS	Crime	Residential Break & Enter	1	1795	2019-11-01T00:00:00.000	2019
762	NORTH	COUNTRY HILLS VILLAGE	Disorder	Social Disorder	16	2597	2019-11-01T00:00:00.000	2019
763	SOUTH	CHAPARRAL	Crime	Theft OF Vehicle	4	12654	2019-11-01T00:00:00.000	2019
764	CENTRE	INGLEWOOD	Crime	Theft FROM Vehicle	9	4024	2019-11-01T00:00:00.000	2019
765	CENTRE	WINSTON HEIGHTS/MOUNTVIEW	Disorder	Social Disorder	36	3635	2019-11-01T00:00:00.000	2019
766	EAST	PENBROOKE MEADOWS	Crime	Assault (Non-domestic)	1	8554	2019-11-01T00:00:00.000	2019
767	NORTHEAST	SUNRIDGE	Crime	Commercial Break & Enter	3	11	2019-11-01T00:00:00.000	2019
768	CENTRE	RAMSAY	Disorder	Physical Disorder	1	2158	2019-11-01T00:00:00.000	2019
769	NORTHEAST	FRANKLIN	Crime	Violence Other (Non-domestic)	2	0	2019-11-01T00:00:00.000	2019
770	NORTH	NORTH HAVEN UPPER	Disorder	Physical Disorder	1	599	2019-11-01T00:00:00.000	2019
771	NORTHWEST	EDGEMONT	Disorder	Social Disorder	21	15395	2019-11-01T00:00:00.000	2019
772	WEST	GLENDALE	Crime	Residential Break & Enter	1	2765	2019-11-01T00:00:00.000	2019
773	CENTRE	SOUTH CALGARY	Crime	Commercial Robbery	1	4442	2019-11-01T00:00:00.000	2019
774	SOUTH	LAKE BONAVISTA	Disorder	Physical Disorder	1	10293	2019-11-01T00:00:00.000	2019
775	SOUTH	MILLRISE	Crime	Theft OF Vehicle	2	6900	2019-11-01T00:00:00.000	2019
776	CENTRE	DOWNTOWN COMMERCIAL CORE	Crime	Assault (Non-domestic)	32	8683	2019-11-01T00:00:00.000	2019
777	SOUTH	PARKLAND	Disorder	Social Disorder	5	3660	2019-11-01T00:00:00.000	2019
778	SOUTH	EAGLE RIDGE	Crime	Assault (Non-domestic)	1	302	2019-11-01T00:00:00.000	2019
779	CENTRE	HIGHFIELD	Crime	Commercial Robbery	1	0	2019-11-01T00:00:00.000	2019
780	NORTHWEST	HAWKWOOD	Crime	Theft FROM Vehicle	4	9248	2019-11-01T00:00:00.000	2019
781	NORTH	NORTH HAVEN	Disorder	Social Disorder	1	2359	2019-11-01T00:00:00.000	2019
782	NORTH	BEDDINGTON HEIGHTS	Crime	Theft FROM Vehicle	4	11514	2019-11-01T00:00:00.000	2019
783	CENTRE	KILLARNEY/GLENGARRY	Crime	Residential Break & Enter	4	7685	2019-11-01T00:00:00.000	2019
784	NORTHEAST	DEERFOOT BUSINESS CENTRE	Disorder	Social Disorder	8	0	2019-11-01T00:00:00.000	2019
785	CENTRE	INGLEWOOD	Crime	Assault (Non-domestic)	1	4024	2019-11-01T00:00:00.000	2019
786	NORTHWEST	BRENTWOOD	Crime	Theft FROM Vehicle	4	7267	2019-11-01T00:00:00.000	2019
787	SOUTHEAST	NEW BRIGHTON	Crime	Theft OF Vehicle	2	13103	2019-11-01T00:00:00.000	2019
788	CENTRE	CHINATOWN	Disorder	Social Disorder	9	2471	2019-11-01T00:00:00.000	2019
789	SOUTH	SUNDANCE	Crime	Assault (Non-domestic)	2	9736	2019-11-01T00:00:00.000	2019
790	SOUTHEAST	MCKENZIE LAKE	Disorder	Social Disorder	12	13406	2019-11-01T00:00:00.000	2019
791	SOUTH	KINGSLAND	Crime	Assault (Non-domestic)	3	4688	2019-11-01T00:00:00.000	2019
792	CENTRE	BANKVIEW	Crime	Residential Break & Enter	4	5256	2019-11-01T00:00:00.000	2019
793	WEST	GLAMORGAN	Crime	Theft FROM Vehicle	8	6522	2019-11-01T00:00:00.000	2019
794	CENTRE	PARKDALE	Crime	Commercial Break & Enter	1	2566	2019-11-01T00:00:00.000	2019
795	NORTHEAST	MARTINDALE	Crime	Assault (Non-domestic)	5	14245	2019-11-01T00:00:00.000	2019
796	NORTHWEST	GREENWOOD/GREENBRIAR	Disorder	Social Disorder	3	896	2019-11-01T00:00:00.000	2019
797	NORTHWEST	ARBOUR LAKE	Crime	Street Robbery	2	10619	2019-11-01T00:00:00.000	2019
798	CENTRE	CLIFF BUNGALOW	Crime	Theft FROM Vehicle	5	1895	2019-11-01T00:00:00.000	2019
799	NORTHWEST	COLLINGWOOD	Crime	Theft OF Vehicle	1	2249	2019-11-01T00:00:00.000	2019
800	SOUTH	SHAWNESSY	Crime	Theft FROM Vehicle	1	9368	2019-11-01T00:00:00.000	2019
801	NORTHWEST	RANCHLANDS	Disorder	Physical Disorder	1	7607	2019-11-01T00:00:00.000	2019
802	NORTHEAST	STONEY 4	Disorder	Social Disorder	1	0	2019-11-01T00:00:00.000	2019
803	NORTHEAST	RUNDLE	Crime	Theft OF Vehicle	8	11688	2019-11-01T00:00:00.000	2019
804	SOUTH	KINGSLAND	Crime	Theft FROM Vehicle	15	4688	2019-11-01T00:00:00.000	2019
805	CENTRE	RENFREW	Crime	Theft FROM Vehicle	18	6582	2019-11-01T00:00:00.000	2019
806	NORTHEAST	MONTEREY PARK	Crime	Street Robbery	1	10372	2019-11-01T00:00:00.000	2019
807	WEST	ROSSCARROCK	Crime	Commercial Break & Enter	1	3625	2019-11-01T00:00:00.000	2019
808	SOUTH	SHAWNEE SLOPES	Crime	Street Robbery	1	1911	2019-11-01T00:00:00.000	2019
809	SOUTH	WILLOW PARK	Disorder	Social Disorder	35	5328	2019-11-01T00:00:00.000	2019
810	CENTRE	MANCHESTER INDUSTRIAL	Crime	Commercial Break & Enter	11	0	2019-11-01T00:00:00.000	2019
811	SOUTH	BRIDLEWOOD	Crime	Theft FROM Vehicle	2	12641	2019-11-01T00:00:00.000	2019
812	SOUTH	CEDARBRAE	Crime	Commercial Break & Enter	1	6094	2019-11-01T00:00:00.000	2019
813	NORTHEAST	SUNRIDGE	Disorder	Physical Disorder	2	11	2019-11-01T00:00:00.000	2019
814	CENTRE	BELTLINE	Crime	Commercial Break & Enter	38	25129	2019-11-01T00:00:00.000	2019
815	SOUTHEAST	DOUGLASDALE/GLEN	Crime	Commercial Robbery	2	12881	2019-11-01T00:00:00.000	2019
816	EAST	FOREST LAWN	Crime	Assault (Non-domestic)	8	7814	2019-11-01T00:00:00.000	2019
817	NORTHWEST	ROCKY RIDGE	Disorder	Physical Disorder	3	8398	2019-11-01T00:00:00.000	2019
818	NORTH	SKYLINE WEST	Disorder	Social Disorder	5	0	2019-11-01T00:00:00.000	2019
819	WEST	SPRUCE CLIFF	Crime	Commercial Robbery	1	4673	2019-11-01T00:00:00.000	2019
820	CENTRE	RENFREW	Disorder	Physical Disorder	6	6582	2019-11-01T00:00:00.000	2019
821	NORTHEAST	MARLBOROUGH PARK	Crime	Assault (Non-domestic)	2	8523	2019-11-01T00:00:00.000	2019
822	NORTHWEST	GREENWOOD/GREENBRIAR	Crime	Theft OF Vehicle	1	896	2019-11-01T00:00:00.000	2019
823	CENTRE	SUNNYSIDE	Disorder	Social Disorder	29	4230	2019-11-01T00:00:00.000	2019
824	NORTHEAST	SADDLE RIDGE	Crime	Theft OF Vehicle	6	22321	2019-11-01T00:00:00.000	2019
825	NORTH	THORNCLIFFE	Disorder	Physical Disorder	2	8788	2019-11-01T00:00:00.000	2019
826	SOUTH	BRAESIDE	Crime	Commercial Robbery	1	5805	2019-11-01T00:00:00.000	2019
827	EAST	ERIN WOODS	Disorder	Physical Disorder	2	7049	2019-11-01T00:00:00.000	2019
828	NORTHEAST	RUNDLE	Crime	Commercial Break & Enter	2	11688	2019-11-01T00:00:00.000	2019
829	CENTRE	TUXEDO PARK	Disorder	Social Disorder	67	5326	2019-11-01T00:00:00.000	2019
830	NORTHEAST	MONTEREY PARK	Disorder	Social Disorder	30	10372	2019-11-01T00:00:00.000	2019
831	SOUTHEAST	OGDEN	Crime	Assault (Non-domestic)	2	8576	2019-11-01T00:00:00.000	2019
832	WEST	LAKEVIEW	Disorder	Social Disorder	12	5355	2019-11-01T00:00:00.000	2019
833	WEST	SIGNAL HILL	Crime	Theft FROM Vehicle	8	13395	2019-11-01T00:00:00.000	2019
834	NORTHEAST	MARLBOROUGH	Disorder	Physical Disorder	6	9162	2019-11-01T00:00:00.000	2019
835	NORTHEAST	VISTA HEIGHTS	Crime	Commercial Break & Enter	1	2370	2019-11-01T00:00:00.000	2019
836	NORTHEAST	SKYVIEW RANCH	Crime	Residential Break & Enter	1	11707	2019-11-01T00:00:00.000	2019
837	NORTH	COUNTRY HILLS	Crime	Violence Other (Non-domestic)	1	3767	2019-11-01T00:00:00.000	2019
838	EAST	PENBROOKE MEADOWS	Crime	Street Robbery	1	8554	2019-11-01T00:00:00.000	2019
839	NORTHWEST	MONTGOMERY	Crime	Theft OF Vehicle	4	4515	2019-11-01T00:00:00.000	2019
840	EAST	FOREST HEIGHTS	Crime	Theft FROM Vehicle	12	6496	2019-11-01T00:00:00.000	2019
841	SOUTH	PUMP HILL	Disorder	Social Disorder	1	1640	2019-11-01T00:00:00.000	2019
842	CENTRE	SHAGANAPPI	Disorder	Physical Disorder	2	1626	2019-11-01T00:00:00.000	2019
843	NORTHEAST	SUNRIDGE	Crime	Commercial Robbery	2	11	2019-11-01T00:00:00.000	2019
844	WEST	CHRISTIE PARK	Crime	Residential Break & Enter	1	2128	2019-11-01T00:00:00.000	2019
845	CENTRE	KILLARNEY/GLENGARRY	Disorder	Physical Disorder	4	7685	2019-11-01T00:00:00.000	2019
846	CENTRE	ELBOYA	Crime	Residential Break & Enter	1	1754	2019-11-01T00:00:00.000	2019
847	NORTH	SAGE HILL	Crime	Residential Break & Enter	1	7924	2019-11-01T00:00:00.000	2019
848	WEST	CURRIE BARRACKS	Crime	Theft FROM Vehicle	2	1262	2019-11-01T00:00:00.000	2019
849	NORTHWEST	BRENTWOOD	Crime	Assault (Non-domestic)	3	7267	2019-11-01T00:00:00.000	2019
850	WEST	SPRUCE CLIFF	Disorder	Physical Disorder	4	4673	2019-11-01T00:00:00.000	2019
851	CENTRE	HIGHWOOD	Crime	Commercial Break & Enter	1	2258	2019-11-01T00:00:00.000	2019
852	CENTRE	SCARBORO/ SUNALTA WEST	Crime	Violence Other (Non-domestic)	1	401	2019-11-01T00:00:00.000	2019
853	CENTRE	CRESCENT HEIGHTS	Crime	Violence Other (Non-domestic)	2	6620	2019-11-01T00:00:00.000	2019
854	NORTHWEST	CITADEL	Disorder	Physical Disorder	1	10077	2019-11-01T00:00:00.000	2019
855	NORTH	02K	Disorder	Social Disorder	1	0	2019-11-01T00:00:00.000	2019
856	SOUTH	WALDEN	Crime	Commercial Robbery	1	6228	2019-11-01T00:00:00.000	2019
857	WEST	COUGAR RIDGE	Crime	Theft OF Vehicle	1	6997	2019-11-01T00:00:00.000	2019
858	CENTRE	PARKDALE	Crime	Theft FROM Vehicle	1	2566	2019-11-01T00:00:00.000	2019
859	SOUTH	SOUTHWOOD	Disorder	Social Disorder	47	6246	2019-11-01T00:00:00.000	2019
860	EAST	GOLDEN TRIANGLE	Disorder	Social Disorder	1	0	2019-11-01T00:00:00.000	2019
861	NORTHEAST	FALCONRIDGE	Crime	Theft FROM Vehicle	9	10653	2019-11-01T00:00:00.000	2019
862	NORTHEAST	FALCONRIDGE	Crime	Assault (Non-domestic)	3	10653	2019-11-01T00:00:00.000	2019
863	CENTRE	CLIFF BUNGALOW	Crime	Theft OF Vehicle	1	1895	2019-11-01T00:00:00.000	2019
864	NORTH	AURORA BUSINESS PARK	Crime	Violence Other (Non-domestic)	1	0	2019-11-01T00:00:00.000	2019
865	CENTRE	LOWER MOUNT ROYAL	Crime	Assault (Non-domestic)	3	3457	2019-11-01T00:00:00.000	2019
866	CENTRE	RICHMOND	Crime	Theft OF Vehicle	2	4962	2019-11-01T00:00:00.000	2019
867	NORTHEAST	CALGARY INTERNATIONAL AIRPORT	Crime	Theft FROM Vehicle	1	0	2019-11-01T00:00:00.000	2019
868	EAST	ALBERT PARK/RADISSON HEIGHTS	Crime	Residential Break & Enter	2	6997	2019-11-01T00:00:00.000	2019
869	CENTRE	LOWER MOUNT ROYAL	Crime	Violence Other (Non-domestic)	1	3457	2019-11-01T00:00:00.000	2019
870	NORTHEAST	FRANKLIN	Disorder	Social Disorder	62	0	2019-11-01T00:00:00.000	2019
871	NORTHEAST	SOUTH AIRWAYS	Disorder	Social Disorder	11	0	2019-11-01T00:00:00.000	2019
872	NORTHEAST	MCCALL	Disorder	Social Disorder	1	0	2019-11-01T00:00:00.000	2019
873	SOUTHEAST	SHEPARD INDUSTRIAL	Disorder	Social Disorder	9	255	2019-11-01T00:00:00.000	2019
874	WEST	GLENBROOK	Crime	Street Robbery	1	7442	2019-11-01T00:00:00.000	2019
875	CENTRE	MANCHESTER	Crime	Commercial Break & Enter	5	1025	2019-11-01T00:00:00.000	2019
876	CENTRE	WINSTON HEIGHTS/MOUNTVIEW	Crime	Commercial Break & Enter	3	3635	2019-11-01T00:00:00.000	2019
877	SOUTH	FAIRVIEW	Disorder	Physical Disorder	2	3646	2019-11-01T00:00:00.000	2019
878	SOUTH	SUNDANCE	Crime	Theft FROM Vehicle	1	9736	2019-11-01T00:00:00.000	2019
879	NORTH	THORNCLIFFE	Crime	Violence Other (Non-domestic)	2	8788	2019-11-01T00:00:00.000	2019
880	NORTHWEST	TUSCANY	Crime	Theft FROM Vehicle	5	19884	2019-11-01T00:00:00.000	2019
881	NORTH	HUNTINGTON HILLS	Crime	Residential Break & Enter	4	13420	2019-11-01T00:00:00.000	2019
882	CENTRE	BURNS INDUSTRIAL	Crime	Theft OF Vehicle	1	0	2019-11-01T00:00:00.000	2019
883	NORTH	HARVEST HILLS	Crime	Violence Other (Non-domestic)	1	7420	2019-11-01T00:00:00.000	2019
884	WEST	ROSSCARROCK	Disorder	Physical Disorder	2	3625	2019-11-01T00:00:00.000	2019
885	SOUTHEAST	NEW BRIGHTON	Crime	Residential Break & Enter	2	13103	2019-11-01T00:00:00.000	2019
886	CENTRE	MANCHESTER	Crime	Theft FROM Vehicle	5	1025	2019-11-01T00:00:00.000	2019
887	SOUTHEAST	MAHOGANY	Crime	Commercial Robbery	1	11784	2019-11-01T00:00:00.000	2019
888	NORTH	HIDDEN VALLEY	Crime	Theft FROM Vehicle	1	11566	2019-11-01T00:00:00.000	2019
889	SOUTHEAST	RIVERBEND	Crime	Residential Break & Enter	1	9244	2019-11-01T00:00:00.000	2019
890	SOUTH	EAST FAIRVIEW INDUSTRIAL	Crime	Violence Other (Non-domestic)	1	0	2019-11-01T00:00:00.000	2019
891	SOUTHEAST	COPPERFIELD	Crime	Street Robbery	1	13823	2019-11-01T00:00:00.000	2019
892	NORTHEAST	WESTWINDS	Crime	Theft FROM Vehicle	1	0	2019-11-01T00:00:00.000	2019
893	NORTH	STONEY 1	Crime	Commercial Break & Enter	2	0	2019-11-01T00:00:00.000	2019
894	WEST	LINCOLN PARK	Disorder	Social Disorder	10	2617	2019-11-01T00:00:00.000	2019
895	SOUTH	CHAPARRAL	Crime	Violence Other (Non-domestic)	1	12654	2019-11-01T00:00:00.000	2019
896	WEST	GLENBROOK	Disorder	Physical Disorder	4	7442	2019-11-01T00:00:00.000	2019
897	CENTRE	BELTLINE	Disorder	Social Disorder	555	25129	2019-11-01T00:00:00.000	2019
898	NORTH	NORTH HAVEN UPPER	Disorder	Social Disorder	1	599	2019-11-01T00:00:00.000	2019
899	CENTRE	SOUTH CALGARY	Disorder	Physical Disorder	2	4442	2019-11-01T00:00:00.000	2019
900	SOUTH	MIDNAPORE	Disorder	Physical Disorder	5	7270	2019-11-01T00:00:00.000	2019
901	NORTH	KINCORA	Disorder	Social Disorder	7	6889	2019-11-01T00:00:00.000	2019
902	CENTRE	GREENVIEW	Disorder	Physical Disorder	1	1906	2019-11-01T00:00:00.000	2019
903	CENTRE	ROSEMONT	Disorder	Social Disorder	6	1254	2019-11-01T00:00:00.000	2019
904	EAST	DOVER	Crime	Theft FROM Vehicle	6	10351	2019-11-01T00:00:00.000	2019
905	NORTHWEST	BOWNESS	Crime	Residential Break & Enter	8	11150	2019-11-01T00:00:00.000	2019
906	NORTHEAST	STONEY 3	Crime	Commercial Break & Enter	1	0	2019-11-01T00:00:00.000	2019
907	CENTRE	SHAGANAPPI	Crime	Theft OF Vehicle	2	1626	2019-11-01T00:00:00.000	2019
908	CENTRE	DOWNTOWN EAST VILLAGE	Crime	Assault (Non-domestic)	11	3893	2019-11-01T00:00:00.000	2019
909	SOUTH	MILLRISE	Disorder	Physical Disorder	1	6900	2019-11-01T00:00:00.000	2019
910	CENTRE	HIGHFIELD	Disorder	Physical Disorder	1	0	2019-11-01T00:00:00.000	2019
911	WEST	RUTLAND PARK	Crime	Theft FROM Vehicle	3	2263	2019-11-01T00:00:00.000	2019
912	EAST	FOREST LAWN INDUSTRIAL	Crime	Assault (Non-domestic)	3	123	2019-11-01T00:00:00.000	2019
913	NORTHEAST	SUNRIDGE	Crime	Violence Other (Non-domestic)	2	11	2019-11-01T00:00:00.000	2019
914	SOUTH	OAKRIDGE	Crime	Street Robbery	1	5690	2019-11-01T00:00:00.000	2019
915	SOUTH	PALLISER	Crime	Assault (Non-domestic)	1	3672	2019-11-01T00:00:00.000	2019
916	NORTHEAST	CASTLERIDGE	Crime	Residential Break & Enter	3	6127	2019-11-01T00:00:00.000	2019
917	CENTRE	BRIDGELAND/RIVERSIDE	Disorder	Physical Disorder	5	6835	2019-11-01T00:00:00.000	2019
918	NORTHWEST	SILVER SPRINGS	Crime	Theft FROM Vehicle	5	8679	2019-11-01T00:00:00.000	2019
919	NORTHWEST	MONTGOMERY	Crime	Residential Break & Enter	4	4515	2019-11-01T00:00:00.000	2019
920	CENTRE	ALYTH/BONNYBROOK	Disorder	Physical Disorder	2	0	2019-11-01T00:00:00.000	2019
921	NORTH	HARVEST HILLS	Crime	Commercial Robbery	1	7420	2019-11-01T00:00:00.000	2019
922	NORTHEAST	MAYLAND HEIGHTS	Disorder	Social Disorder	40	5961	2019-11-01T00:00:00.000	2019
923	CENTRE	HIGHLAND PARK	Crime	Assault (Non-domestic)	2	3838	2019-11-01T00:00:00.000	2019
924	NORTHWEST	SCENIC ACRES	Crime	Theft FROM Vehicle	1	8067	2019-11-01T00:00:00.000	2019
925	CENTRE	HOUNSFIELD HEIGHTS/BRIAR HILL	Crime	Assault (Non-domestic)	1	2798	2019-11-01T00:00:00.000	2019
926	CENTRE	PARKHILL	Disorder	Social Disorder	22	1691	2019-11-01T00:00:00.000	2019
927	NORTHEAST	MARLBOROUGH PARK	Crime	Street Robbery	1	8523	2019-11-01T00:00:00.000	2019
928	NORTHWEST	ARBOUR LAKE	Disorder	Physical Disorder	2	10619	2019-11-01T00:00:00.000	2019
929	SOUTH	LEGACY	Disorder	Physical Disorder	4	6420	2019-11-01T00:00:00.000	2019
930	SOUTH	SHAWNESSY	Crime	Commercial Robbery	1	9368	2019-11-01T00:00:00.000	2019
931	CENTRE	CRESCENT HEIGHTS	Crime	Residential Break & Enter	4	6620	2019-11-01T00:00:00.000	2019
932	NORTHEAST	ABBEYDALE	Crime	Commercial Robbery	1	5957	2019-11-01T00:00:00.000	2019
933	SOUTH	SOMERSET	Crime	Assault (Non-domestic)	1	8543	2019-11-01T00:00:00.000	2019
934	NORTHEAST	PINERIDGE	Crime	Commercial Break & Enter	1	10022	2019-11-01T00:00:00.000	2019
935	NORTHEAST	MARTINDALE	Crime	Theft OF Vehicle	8	14245	2019-11-01T00:00:00.000	2019
936	NORTH	COVENTRY HILLS	Crime	Residential Break & Enter	3	17667	2019-11-01T00:00:00.000	2019
937	CENTRE	SUNALTA	Crime	Assault (Non-domestic)	1	3239	2019-11-01T00:00:00.000	2019
938	NORTHWEST	UNIVERSITY OF CALGARY	Crime	Theft OF Vehicle	1	2367	2019-11-01T00:00:00.000	2019
939	CENTRE	BRIDGELAND/RIVERSIDE	Crime	Theft OF Vehicle	7	6835	2019-11-01T00:00:00.000	2019
940	CENTRE	MAYFAIR	Crime	Commercial Break & Enter	1	432	2019-11-01T00:00:00.000	2019
941	SOUTH	QUEENSLAND	Disorder	Social Disorder	7	4743	2019-11-01T00:00:00.000	2019
942	SOUTH	EVERGREEN	Crime	Assault (Non-domestic)	1	21500	2019-11-01T00:00:00.000	2019
943	NORTHEAST	SADDLE RIDGE INDUSTRIAL	Disorder	Physical Disorder	2	25	2019-11-01T00:00:00.000	2019
944	CENTRE	BANKVIEW	Crime	Violence Other (Non-domestic)	1	5256	2019-11-01T00:00:00.000	2019
945	WEST	DISCOVERY RIDGE	Disorder	Social Disorder	3	4280	2019-11-01T00:00:00.000	2019
946	NORTHWEST	ROYAL OAK	Crime	Theft OF Vehicle	1	11706	2019-11-01T00:00:00.000	2019
947	SOUTH	WALDEN	Disorder	Social Disorder	20	6228	2019-11-01T00:00:00.000	2019
948	CENTRE	MEADOWLARK PARK	Disorder	Physical Disorder	2	644	2019-11-01T00:00:00.000	2019
949	WEST	WEST SPRINGS	Crime	Theft FROM Vehicle	1	10758	2019-11-01T00:00:00.000	2019
950	NORTH	EVANSTON	Crime	Residential Break & Enter	5	17685	2019-11-01T00:00:00.000	2019
951	WEST	VALLEY RIDGE	Crime	Commercial Break & Enter	1	5585	2019-11-01T00:00:00.000	2019
952	WEST	COUGAR RIDGE	Crime	Commercial Break & Enter	1	6997	2019-11-01T00:00:00.000	2019
953	SOUTH	SOUTHWOOD	Crime	Assault (Non-domestic)	4	6246	2019-11-01T00:00:00.000	2019
954	NORTHWEST	DALHOUSIE	Disorder	Social Disorder	34	8940	2019-11-01T00:00:00.000	2019
955	CENTRE	SCARBORO	Crime	Residential Break & Enter	2	931	2019-11-01T00:00:00.000	2019
956	CENTRE	ALYTH/BONNYBROOK	Crime	Theft FROM Vehicle	5	0	2019-11-01T00:00:00.000	2019
957	SOUTH	SILVERADO	Disorder	Physical Disorder	1	7655	2019-11-01T00:00:00.000	2019
958	NORTHWEST	ARBOUR LAKE	Crime	Theft FROM Vehicle	5	10619	2019-11-01T00:00:00.000	2019
959	SOUTH	CEDARBRAE	Disorder	Physical Disorder	1	6094	2019-11-01T00:00:00.000	2019
960	CENTRE	MANCHESTER INDUSTRIAL	Crime	Theft OF Vehicle	10	0	2019-11-01T00:00:00.000	2019
961	CENTRE	WINDSOR PARK	Disorder	Social Disorder	48	4584	2019-11-01T00:00:00.000	2019
962	SOUTH	CANYON MEADOWS	Disorder	Social Disorder	26	7624	2019-11-01T00:00:00.000	2019
963	SOUTHEAST	NEW BRIGHTON	Crime	Assault (Non-domestic)	1	13103	2019-11-01T00:00:00.000	2019
964	CENTRE	CAPITOL HILL	Disorder	Physical Disorder	1	4744	2019-11-01T00:00:00.000	2019
965	SOUTHEAST	DOUGLASDALE/GLEN	Disorder	Physical Disorder	4	12881	2019-11-01T00:00:00.000	2019
966	NORTHEAST	TEMPLE	Crime	Assault (Non-domestic)	4	10977	2019-11-01T00:00:00.000	2019
967	NORTHEAST	TARADALE	Crime	Theft OF Vehicle	4	19026	2019-11-01T00:00:00.000	2019
968	SOUTH	FISH CREEK PARK	Disorder	Physical Disorder	2	0	2019-11-01T00:00:00.000	2019
969	SOUTHEAST	12C	Crime	Theft OF Vehicle	1	0	2019-11-01T00:00:00.000	2019
970	NORTH	SHERWOOD	Crime	Theft FROM Vehicle	2	6246	2019-11-01T00:00:00.000	2019
971	NORTH	HUNTINGTON HILLS	Crime	Assault (Non-domestic)	1	13420	2019-11-01T00:00:00.000	2019
972	SOUTH	EAGLE RIDGE	Crime	Violence Other (Non-domestic)	1	302	2019-11-01T00:00:00.000	2019
973	NORTHEAST	MAYLAND	Crime	Commercial Break & Enter	1	0	2019-11-01T00:00:00.000	2019
974	SOUTH	GLENMORE PARK	Disorder	Social Disorder	4	0	2019-11-01T00:00:00.000	2019
975	SOUTH	PALLISER	Crime	Theft OF Vehicle	1	3672	2019-11-01T00:00:00.000	2019
976	CENTRE	WEST HILLHURST	Crime	Theft OF Vehicle	3	6447	2019-11-01T00:00:00.000	2019
977	EAST	VALLEYFIELD	Crime	Theft FROM Vehicle	1	0	2019-11-01T00:00:00.000	2019
978	EAST	FOREST LAWN	Crime	Commercial Break & Enter	2	7814	2019-11-01T00:00:00.000	2019
979	NORTHWEST	BOWNESS	Crime	Violence Other (Non-domestic)	1	11150	2019-11-01T00:00:00.000	2019
980	SOUTH	WOODLANDS	Disorder	Social Disorder	21	6002	2019-11-01T00:00:00.000	2019
981	EAST	DOVER	Crime	Commercial Robbery	2	10351	2019-11-01T00:00:00.000	2019
982	CENTRE	SOUTH CALGARY	Crime	Theft OF Vehicle	1	4442	2019-11-01T00:00:00.000	2019
983	NORTHEAST	FRANKLIN	Crime	Assault (Non-domestic)	4	0	2019-11-01T00:00:00.000	2019
984	NORTHEAST	HORIZON	Crime	Commercial Break & Enter	5	0	2019-11-01T00:00:00.000	2019
985	NORTHWEST	ROYAL OAK	Crime	Residential Break & Enter	3	11706	2019-11-01T00:00:00.000	2019
986	NORTHEAST	NORTH AIRWAYS	Crime	Violence Other (Non-domestic)	1	0	2019-11-01T00:00:00.000	2019
987	CENTRE	DOWNTOWN EAST VILLAGE	Crime	Street Robbery	1	3893	2019-11-01T00:00:00.000	2019
988	NORTHEAST	STONEGATE LANDING	Crime	Commercial Break & Enter	1	0	2019-11-01T00:00:00.000	2019
989	NORTHEAST	WHITEHORN	Crime	Theft OF Vehicle	9	12019	2019-11-01T00:00:00.000	2019
990	NORTHWEST	UNIVERSITY HEIGHTS	Crime	Residential Break & Enter	3	2921	2019-11-01T00:00:00.000	2019
991	SOUTH	LEGACY	Crime	Violence Other (Non-domestic)	1	6420	2019-11-01T00:00:00.000	2019
992	NORTHWEST	UNIVERSITY HEIGHTS	Crime	Theft FROM Vehicle	3	2921	2019-11-01T00:00:00.000	2019
993	SOUTH	HAYSBORO	Crime	Violence Other (Non-domestic)	1	7080	2019-11-01T00:00:00.000	2019
994	NORTHEAST	REDSTONE	Disorder	Physical Disorder	2	5848	2019-11-01T00:00:00.000	2019
995	EAST	ALBERT PARK/RADISSON HEIGHTS	Crime	Assault (Non-domestic)	4	6997	2019-11-01T00:00:00.000	2019
996	NORTHEAST	MERIDIAN	Crime	Commercial Break & Enter	2	0	2019-11-01T00:00:00.000	2019
997	EAST	DOVER	Crime	Assault (Non-domestic)	4	10351	2019-11-01T00:00:00.000	2019
998	CENTRE	WEST HILLHURST	Crime	Commercial Break & Enter	5	6447	2019-11-01T00:00:00.000	2019
999	NORTHEAST	MARTINDALE	Disorder	Social Disorder	40	14245	2019-11-01T00:00:00.000	2019
